source_id,solution_id,ra,dec,wavelength,flux,flux_error
3348071631670500736,4545469030156206080,88.11543730306488,15.886239315232913,336.0,1.0038417E-15,4.9214004E-17
3348071631670500736,4545469030156206080,88.11543730306488,15.886239315232913,338.0,1.0475152E-15,4.5104124E-17
3348071631670500736,4545469030156206080,88.11543730306488,15.886239315232913,340.0,1.0468304E-15,4.4394032E-17
3348071631670500736,4545469030156206080,88.11543730306488,15.886239315232913,342.0,1.0125138E-15,4.5075788E-17
3348071631670500736,4545469030156206080,88.11543730306488,15.886239315232913,344.0,9.75298E-16,4.8111974E-17
3348071631670500736,4545469030156206080,88.11543730306488,15.886239315232913,346.0,9.43131E-16,5.2275694E-17
3348071631670500736,4545469030156206080,88.11543730306488,15.886239315232913,348.0,9.232559E-16,5.8004214E-17
3348071631670500736,4545469030156206080,88.11543730306488,15.886239315232913,350.0,8.948615E-16,6.453857E-17
3348071631670500736,4545469030156206080,88.11543730306488,15.886239315232913,352.0,8.7232186E-16,7.17778E-17
3348071631670500736,4545469030156206080,88.11543730306488,15.886239315232913,354.0,8.6966884E-16,7.746989E-17
3348071631670500736,4545469030156206080,88.11543730306488,15.886239315232913,356.0,8.671671E-16,7.4334546E-17
3348071631670500736,4545469030156206080,88.11543730306488,15.886239315232913,358.0,8.588297E-16,6.539878E-17
3348071631670500736,4545469030156206080,88.11543730306488,15.886239315232913,360.0,8.586489E-16,6.126713E-17
3348071631670500736,4545469030156206080,88.11543730306488,15.886239315232913,362.0,8.3293567E-16,5.731287E-17
3348071631670500736,4545469030156206080,88.11543730306488,15.886239315232913,364.0,7.9764934E-16,5.6482413E-17
3348071631670500736,4545469030156206080,88.11543730306488,15.886239315232913,366.0,7.880908E-16,5.688445E-17
3348071631670500736,4545469030156206080,88.11543730306488,15.886239315232913,368.0,8.022203E-16,5.6734115E-17
3348071631670500736,4545469030156206080,88.11543730306488,15.886239315232913,370.0,8.046779E-16,5.921452E-17
3348071631670500736,4545469030156206080,88.11543730306488,15.886239315232913,372.0,7.8577785E-16,5.6942174E-17
3348071631670500736,4545469030156206080,88.11543730306488,15.886239315232913,374.0,7.6590106E-16,5.8817697E-17
3348071631670500736,4545469030156206080,88.11543730306488,15.886239315232913,376.0,7.56677E-16,6.020909E-17
3348071631670500736,4545469030156206080,88.11543730306488,15.886239315232913,378.0,7.600757E-16,5.745485E-17
3348071631670500736,4545469030156206080,88.11543730306488,15.886239315232913,380.0,7.562395E-16,6.135316E-17
3348071631670500736,4545469030156206080,88.11543730306488,15.886239315232913,382.0,7.374621E-16,5.66869E-17
3348071631670500736,4545469030156206080,88.11543730306488,15.886239315232913,384.0,7.204649E-16,5.1295455E-17
3348071631670500736,4545469030156206080,88.11543730306488,15.886239315232913,386.0,7.1208016E-16,4.985593E-17
3348071631670500736,4545469030156206080,88.11543730306488,15.886239315232913,388.0,7.0324757E-16,4.0249484E-17
3348071631670500736,4545469030156206080,88.11543730306488,15.886239315232913,390.0,6.8416963E-16,3.5121377E-17
3348071631670500736,4545469030156206080,88.11543730306488,15.886239315232913,392.0,6.6028855E-16,3.23892E-17
3348071631670500736,4545469030156206080,88.11543730306488,15.886239315232913,394.0,6.38743E-16,2.5675873E-17
3348071631670500736,4545469030156206080,88.11543730306488,15.886239315232913,396.0,6.275904E-16,2.345228E-17
3348071631670500736,4545469030156206080,88.11543730306488,15.886239315232913,398.0,6.2843746E-16,2.242888E-17
3348071631670500736,4545469030156206080,88.11543730306488,15.886239315232913,400.0,6.347491E-16,1.8384968E-17
3348071631670500736,4545469030156206080,88.11543730306488,15.886239315232913,402.0,6.4034187E-16,1.7211011E-17
3348071631670500736,4545469030156206080,88.11543730306488,15.886239315232913,404.0,6.339529E-16,1.7390964E-17
3348071631670500736,4545469030156206080,88.11543730306488,15.886239315232913,406.0,6.148538E-16,1.4992806E-17
3348071631670500736,4545469030156206080,88.11543730306488,15.886239315232913,408.0,5.8758755E-16,1.3612522E-17
3348071631670500736,4545469030156206080,88.11543730306488,15.886239315232913,410.0,5.6070987E-16,1.4211855E-17
3348071631670500736,4545469030156206080,88.11543730306488,15.886239315232913,412.0,5.4398483E-16,1.31740035E-17
3348071631670500736,4545469030156206080,88.11543730306488,15.886239315232913,414.0,5.459798E-16,1.1630477E-17
3348071631670500736,4545469030156206080,88.11543730306488,15.886239315232913,416.0,5.631996E-16,1.1888991E-17
3348071631670500736,4545469030156206080,88.11543730306488,15.886239315232913,418.0,5.8712105E-16,1.2000955E-17
3348071631670500736,4545469030156206080,88.11543730306488,15.886239315232913,420.0,6.050337E-16,1.0906344E-17
3348071631670500736,4545469030156206080,88.11543730306488,15.886239315232913,422.0,6.058385E-16,1.02865484E-17
3348071631670500736,4545469030156206080,88.11543730306488,15.886239315232913,424.0,5.8566235E-16,1.0507931E-17
3348071631670500736,4545469030156206080,88.11543730306488,15.886239315232913,426.0,5.500426E-16,1.0242021E-17
3348071631670500736,4545469030156206080,88.11543730306488,15.886239315232913,428.0,5.075146E-16,9.4648214E-18
3348071631670500736,4545469030156206080,88.11543730306488,15.886239315232913,430.0,4.7058223E-16,9.113738E-18
3348071631670500736,4545469030156206080,88.11543730306488,15.886239315232913,432.0,4.4671575E-16,9.1409405E-18
3348071631670500736,4545469030156206080,88.11543730306488,15.886239315232913,434.0,4.378578E-16,8.9241886E-18
3348071631670500736,4545469030156206080,88.11543730306488,15.886239315232913,436.0,4.4226057E-16,8.4529595E-18
3348071631670500736,4545469030156206080,88.11543730306488,15.886239315232913,438.0,4.549936E-16,8.109186E-18
3348071631670500736,4545469030156206080,88.11543730306488,15.886239315232913,440.0,4.6828084E-16,8.01281E-18
3348071631670500736,4545469030156206080,88.11543730306488,15.886239315232913,442.0,4.7773955E-16,7.964437E-18
3348071631670500736,4545469030156206080,88.11543730306488,15.886239315232913,444.0,4.812175E-16,7.729169E-18
3348071631670500736,4545469030156206080,88.11543730306488,15.886239315232913,446.0,4.7917977E-16,7.3494435E-18
3348071631670500736,4545469030156206080,88.11543730306488,15.886239315232913,448.0,4.732488E-16,7.103456E-18
3348071631670500736,4545469030156206080,88.11543730306488,15.886239315232913,450.0,4.651941E-16,7.0972965E-18
3348071631670500736,4545469030156206080,88.11543730306488,15.886239315232913,452.0,4.569317E-16,7.06567E-18
3348071631670500736,4545469030156206080,88.11543730306488,15.886239315232913,454.0,4.4945935E-16,6.771885E-18
3348071631670500736,4545469030156206080,88.11543730306488,15.886239315232913,456.0,4.4266127E-16,6.3692713E-18
3348071631670500736,4545469030156206080,88.11543730306488,15.886239315232913,458.0,4.3718136E-16,6.2097396E-18
3348071631670500736,4545469030156206080,88.11543730306488,15.886239315232913,460.0,4.3191994E-16,6.26664E-18
3348071631670500736,4545469030156206080,88.11543730306488,15.886239315232913,462.0,4.2712825E-16,6.198776E-18
3348071631670500736,4545469030156206080,88.11543730306488,15.886239315232913,464.0,4.2235427E-16,5.8508317E-18
3348071631670500736,4545469030156206080,88.11543730306488,15.886239315232913,466.0,4.164198E-16,5.4489133E-18
3348071631670500736,4545469030156206080,88.11543730306488,15.886239315232913,468.0,4.1021597E-16,5.318758E-18
3348071631670500736,4545469030156206080,88.11543730306488,15.886239315232913,470.0,4.0172634E-16,5.3746846E-18
3348071631670500736,4545469030156206080,88.11543730306488,15.886239315232913,472.0,3.9124709E-16,5.307685E-18
3348071631670500736,4545469030156206080,88.11543730306488,15.886239315232913,474.0,3.7875774E-16,4.990644E-18
3348071631670500736,4545469030156206080,88.11543730306488,15.886239315232913,476.0,3.6434548E-16,4.6046167E-18
3348071631670500736,4545469030156206080,88.11543730306488,15.886239315232913,478.0,3.4883718E-16,4.418227E-18
3348071631670500736,4545469030156206080,88.11543730306488,15.886239315232913,480.0,3.341418E-16,4.4491688E-18
3348071631670500736,4545469030156206080,88.11543730306488,15.886239315232913,482.0,3.2051028E-16,4.4445593E-18
3348071631670500736,4545469030156206080,88.11543730306488,15.886239315232913,484.0,3.1020845E-16,4.254915E-18
3348071631670500736,4545469030156206080,88.11543730306488,15.886239315232913,486.0,3.029313E-16,3.9282927E-18
3348071631670500736,4545469030156206080,88.11543730306488,15.886239315232913,488.0,2.9970876E-16,3.6783717E-18
3348071631670500736,4545469030156206080,88.11543730306488,15.886239315232913,490.0,3.0012312E-16,3.622393E-18
3348071631670500736,4545469030156206080,88.11543730306488,15.886239315232913,492.0,3.0337022E-16,3.6623823E-18
3348071631670500736,4545469030156206080,88.11543730306488,15.886239315232913,494.0,3.0759464E-16,3.6199045E-18
3348071631670500736,4545469030156206080,88.11543730306488,15.886239315232913,496.0,3.1159245E-16,3.4365035E-18
3348071631670500736,4545469030156206080,88.11543730306488,15.886239315232913,498.0,3.147321E-16,3.1984446E-18
3348071631670500736,4545469030156206080,88.11543730306488,15.886239315232913,500.0,3.1609276E-16,3.0392853E-18
3348071631670500736,4545469030156206080,88.11543730306488,15.886239315232913,502.0,3.1411147E-16,3.0036522E-18
3348071631670500736,4545469030156206080,88.11543730306488,15.886239315232913,504.0,3.1040158E-16,3.0311306E-18
3348071631670500736,4545469030156206080,88.11543730306488,15.886239315232913,506.0,3.045822E-16,3.0031853E-18
3348071631670500736,4545469030156206080,88.11543730306488,15.886239315232913,508.0,2.9776083E-16,2.880009E-18
3348071631670500736,4545469030156206080,88.11543730306488,15.886239315232913,510.0,2.9097006E-16,2.7061236E-18
3348071631670500736,4545469030156206080,88.11543730306488,15.886239315232913,512.0,2.8459698E-16,2.564066E-18
3348071631670500736,4545469030156206080,88.11543730306488,15.886239315232913,514.0,2.7940544E-16,2.511608E-18
3348071631670500736,4545469030156206080,88.11543730306488,15.886239315232913,516.0,2.7560517E-16,2.5257247E-18
3348071631670500736,4545469030156206080,88.11543730306488,15.886239315232913,518.0,2.7299342E-16,2.5355187E-18
3348071631670500736,4545469030156206080,88.11543730306488,15.886239315232913,520.0,2.7073283E-16,2.4845751E-18
3348071631670500736,4545469030156206080,88.11543730306488,15.886239315232913,522.0,2.6928302E-16,2.37972E-18
3348071631670500736,4545469030156206080,88.11543730306488,15.886239315232913,524.0,2.6790834E-16,2.2596372E-18
3348071631670500736,4545469030156206080,88.11543730306488,15.886239315232913,526.0,2.658273E-16,2.1742103E-18
3348071631670500736,4545469030156206080,88.11543730306488,15.886239315232913,528.0,2.631688E-16,2.1519222E-18
3348071631670500736,4545469030156206080,88.11543730306488,15.886239315232913,530.0,2.5983898E-16,2.1720967E-18
3348071631670500736,4545469030156206080,88.11543730306488,15.886239315232913,532.0,2.5527426E-16,2.184691E-18
3348071631670500736,4545469030156206080,88.11543730306488,15.886239315232913,534.0,2.5019222E-16,2.1598091E-18
3348071631670500736,4545469030156206080,88.11543730306488,15.886239315232913,536.0,2.4529815E-16,2.0953757E-18
3348071631670500736,4545469030156206080,88.11543730306488,15.886239315232913,538.0,2.403635E-16,2.0079367E-18
3348071631670500736,4545469030156206080,88.11543730306488,15.886239315232913,540.0,2.3548744E-16,1.930158E-18
3348071631670500736,4545469030156206080,88.11543730306488,15.886239315232913,542.0,2.3135114E-16,1.891819E-18
3348071631670500736,4545469030156206080,88.11543730306488,15.886239315232913,544.0,2.2807098E-16,1.8939857E-18
3348071631670500736,4545469030156206080,88.11543730306488,15.886239315232913,546.0,2.2482735E-16,1.9077153E-18
3348071631670500736,4545469030156206080,88.11543730306488,15.886239315232913,548.0,2.221604E-16,1.9102167E-18
3348071631670500736,4545469030156206080,88.11543730306488,15.886239315232913,550.0,2.1991328E-16,1.8840898E-18
3348071631670500736,4545469030156206080,88.11543730306488,15.886239315232913,552.0,2.1801275E-16,1.8299973E-18
3348071631670500736,4545469030156206080,88.11543730306488,15.886239315232913,554.0,2.1551406E-16,1.7565865E-18
3348071631670500736,4545469030156206080,88.11543730306488,15.886239315232913,556.0,2.1331676E-16,1.695148E-18
3348071631670500736,4545469030156206080,88.11543730306488,15.886239315232913,558.0,2.1088749E-16,1.6607517E-18
3348071631670500736,4545469030156206080,88.11543730306488,15.886239315232913,560.0,2.0807138E-16,1.6571254E-18
3348071631670500736,4545469030156206080,88.11543730306488,15.886239315232913,562.0,2.0508943E-16,1.6744846E-18
3348071631670500736,4545469030156206080,88.11543730306488,15.886239315232913,564.0,2.0209112E-16,1.6939522E-18
3348071631670500736,4545469030156206080,88.11543730306488,15.886239315232913,566.0,1.9924605E-16,1.6988227E-18
3348071631670500736,4545469030156206080,88.11543730306488,15.886239315232913,568.0,1.9645262E-16,1.6787819E-18
3348071631670500736,4545469030156206080,88.11543730306488,15.886239315232913,570.0,1.9424901E-16,1.6396104E-18
3348071631670500736,4545469030156206080,88.11543730306488,15.886239315232913,572.0,1.9250731E-16,1.5903645E-18
3348071631670500736,4545469030156206080,88.11543730306488,15.886239315232913,574.0,1.9032989E-16,1.5386274E-18
3348071631670500736,4545469030156206080,88.11543730306488,15.886239315232913,576.0,1.8799032E-16,1.5000742E-18
3348071631670500736,4545469030156206080,88.11543730306488,15.886239315232913,578.0,1.8502516E-16,1.4761888E-18
3348071631670500736,4545469030156206080,88.11543730306488,15.886239315232913,580.0,1.8195361E-16,1.4660539E-18
3348071631670500736,4545469030156206080,88.11543730306488,15.886239315232913,582.0,1.7839303E-16,1.4551514E-18
3348071631670500736,4545469030156206080,88.11543730306488,15.886239315232913,584.0,1.7430649E-16,1.4317194E-18
3348071631670500736,4545469030156206080,88.11543730306488,15.886239315232913,586.0,1.7076563E-16,1.397904E-18
3348071631670500736,4545469030156206080,88.11543730306488,15.886239315232913,588.0,1.6739638E-16,1.3501827E-18
3348071631670500736,4545469030156206080,88.11543730306488,15.886239315232913,590.0,1.6459336E-16,1.2965895E-18
3348071631670500736,4545469030156206080,88.11543730306488,15.886239315232913,592.0,1.6275136E-16,1.2482814E-18
3348071631670500736,4545469030156206080,88.11543730306488,15.886239315232913,594.0,1.6066357E-16,1.2050212E-18
3348071631670500736,4545469030156206080,88.11543730306488,15.886239315232913,596.0,1.5883051E-16,1.1779353E-18
3348071631670500736,4545469030156206080,88.11543730306488,15.886239315232913,598.0,1.5772432E-16,1.1731521E-18
3348071631670500736,4545469030156206080,88.11543730306488,15.886239315232913,600.0,1.5683235E-16,1.1841346E-18
3348071631670500736,4545469030156206080,88.11543730306488,15.886239315232913,602.0,1.5598526E-16,1.2026922E-18
3348071631670500736,4545469030156206080,88.11543730306488,15.886239315232913,604.0,1.5473264E-16,1.2167716E-18
3348071631670500736,4545469030156206080,88.11543730306488,15.886239315232913,606.0,1.532576E-16,1.2202819E-18
3348071631670500736,4545469030156206080,88.11543730306488,15.886239315232913,608.0,1.5138709E-16,1.2073907E-18
3348071631670500736,4545469030156206080,88.11543730306488,15.886239315232913,610.0,1.4933604E-16,1.1791475E-18
3348071631670500736,4545469030156206080,88.11543730306488,15.886239315232913,612.0,1.4720488E-16,1.1392216E-18
3348071631670500736,4545469030156206080,88.11543730306488,15.886239315232913,614.0,1.4496945E-16,1.0928021E-18
3348071631670500736,4545469030156206080,88.11543730306488,15.886239315232913,616.0,1.4265788E-16,1.0464286E-18
3348071631670500736,4545469030156206080,88.11543730306488,15.886239315232913,618.0,1.4054646E-16,1.0075027E-18
3348071631670500736,4545469030156206080,88.11543730306488,15.886239315232913,620.0,1.3803134E-16,9.746268E-19
3348071631670500736,4545469030156206080,88.11543730306488,15.886239315232913,622.0,1.359795E-16,9.538309E-19
3348071631670500736,4545469030156206080,88.11543730306488,15.886239315232913,624.0,1.3483511E-16,9.455531E-19
3348071631670500736,4545469030156206080,88.11543730306488,15.886239315232913,626.0,1.336926E-16,9.397308E-19
3348071631670500736,4545469030156206080,88.11543730306488,15.886239315232913,628.0,1.3277085E-16,9.34429E-19
3348071631670500736,4545469030156206080,88.11543730306488,15.886239315232913,630.0,1.3198567E-16,9.267304E-19
3348071631670500736,4545469030156206080,88.11543730306488,15.886239315232913,632.0,1.309493E-16,9.131415E-19
3348071631670500736,4545469030156206080,88.11543730306488,15.886239315232913,634.0,1.300026E-16,8.968479E-19
3348071631670500736,4545469030156206080,88.11543730306488,15.886239315232913,636.0,1.2847735E-16,7.956166E-19
3348071631670500736,4545469030156206080,88.11543730306488,15.886239315232913,638.0,1.2635824E-16,8.2238736E-19
3348071631670500736,4545469030156206080,88.11543730306488,15.886239315232913,640.0,1.2462581E-16,1.0851378E-18
3348071631670500736,4545469030156206080,88.11543730306488,15.886239315232913,642.0,1.2442783E-16,1.5596136E-18
3348071631670500736,4545469030156206080,88.11543730306488,15.886239315232913,644.0,1.2162432E-16,1.8750563E-18
3348071631670500736,4545469030156206080,88.11543730306488,15.886239315232913,646.0,1.1714766E-16,1.8305786E-18
3348071631670500736,4545469030156206080,88.11543730306488,15.886239315232913,648.0,1.1315098E-16,1.7587431E-18
3348071631670500736,4545469030156206080,88.11543730306488,15.886239315232913,650.0,1.0987988E-16,1.7718974E-18
3348071631670500736,4545469030156206080,88.11543730306488,15.886239315232913,652.0,1.0657553E-16,1.76207E-18
3348071631670500736,4545469030156206080,88.11543730306488,15.886239315232913,654.0,1.03044284E-16,1.6824505E-18
3348071631670500736,4545469030156206080,88.11543730306488,15.886239315232913,656.0,9.973247E-17,1.6439654E-18
3348071631670500736,4545469030156206080,88.11543730306488,15.886239315232913,658.0,9.762668E-17,1.6520639E-18
3348071631670500736,4545469030156206080,88.11543730306488,15.886239315232913,660.0,9.7534064E-17,1.6081431E-18
3348071631670500736,4545469030156206080,88.11543730306488,15.886239315232913,662.0,9.935721E-17,1.5493457E-18
3348071631670500736,4545469030156206080,88.11543730306488,15.886239315232913,664.0,1.0216063E-16,1.5495824E-18
3348071631670500736,4545469030156206080,88.11543730306488,15.886239315232913,666.0,1.04604625E-16,1.5362043E-18
3348071631670500736,4545469030156206080,88.11543730306488,15.886239315232913,668.0,1.059568E-16,1.4677055E-18
3348071631670500736,4545469030156206080,88.11543730306488,15.886239315232913,670.0,1.05905343E-16,1.4292908E-18
3348071631670500736,4545469030156206080,88.11543730306488,15.886239315232913,672.0,1.0452713E-16,1.4360355E-18
3348071631670500736,4545469030156206080,88.11543730306488,15.886239315232913,674.0,1.02500264E-16,1.4020299E-18
3348071631670500736,4545469030156206080,88.11543730306488,15.886239315232913,676.0,1.0091589E-16,1.3432913E-18
3348071631670500736,4545469030156206080,88.11543730306488,15.886239315232913,678.0,9.9725285E-17,1.3311755E-18
3348071631670500736,4545469030156206080,88.11543730306488,15.886239315232913,680.0,9.899464E-17,1.33199E-18
3348071631670500736,4545469030156206080,88.11543730306488,15.886239315232913,682.0,9.8430536E-17,1.2836963E-18
3348071631670500736,4545469030156206080,88.11543730306488,15.886239315232913,684.0,9.751661E-17,1.2365029E-18
3348071631670500736,4545469030156206080,88.11543730306488,15.886239315232913,686.0,9.6186E-17,1.241155E-18
3348071631670500736,4545469030156206080,88.11543730306488,15.886239315232913,688.0,9.4704755E-17,1.2333479E-18
3348071631670500736,4545469030156206080,88.11543730306488,15.886239315232913,690.0,9.3336334E-17,1.1768544E-18
3348071631670500736,4545469030156206080,88.11543730306488,15.886239315232913,692.0,9.2204645E-17,1.1371135E-18
3348071631670500736,4545469030156206080,88.11543730306488,15.886239315232913,694.0,9.1713234E-17,1.1452811E-18
3348071631670500736,4545469030156206080,88.11543730306488,15.886239315232913,696.0,9.12359E-17,1.134525E-18
3348071631670500736,4545469030156206080,88.11543730306488,15.886239315232913,698.0,9.0475665E-17,1.0921807E-18
3348071631670500736,4545469030156206080,88.11543730306488,15.886239315232913,700.0,8.910726E-17,1.0679982E-18
3348071631670500736,4545469030156206080,88.11543730306488,15.886239315232913,702.0,8.750022E-17,1.0692422E-18
3348071631670500736,4545469030156206080,88.11543730306488,15.886239315232913,704.0,8.553491E-17,1.052701E-18
3348071631670500736,4545469030156206080,88.11543730306488,15.886239315232913,706.0,8.395187E-17,1.0312205E-18
3348071631670500736,4545469030156206080,88.11543730306488,15.886239315232913,708.0,8.3222185E-17,1.0322234E-18
3348071631670500736,4545469030156206080,88.11543730306488,15.886239315232913,710.0,8.308487E-17,1.0295225E-18
3348071631670500736,4545469030156206080,88.11543730306488,15.886239315232913,712.0,8.3413224E-17,1.0043655E-18
3348071631670500736,4545469030156206080,88.11543730306488,15.886239315232913,714.0,8.377724E-17,9.852962E-19
3348071631670500736,4545469030156206080,88.11543730306488,15.886239315232913,716.0,8.3800245E-17,9.892882E-19
3348071631670500736,4545469030156206080,88.11543730306488,15.886239315232913,718.0,8.313457E-17,9.83554E-19
3348071631670500736,4545469030156206080,88.11543730306488,15.886239315232913,720.0,8.163589E-17,9.557736E-19
3348071631670500736,4545469030156206080,88.11543730306488,15.886239315232913,722.0,8.0009984E-17,9.455167E-19
3348071631670500736,4545469030156206080,88.11543730306488,15.886239315232913,724.0,7.815294E-17,9.519522E-19
3348071631670500736,4545469030156206080,88.11543730306488,15.886239315232913,726.0,7.6609696E-17,9.384505E-19
3348071631670500736,4545469030156206080,88.11543730306488,15.886239315232913,728.0,7.5701134E-17,9.049467E-19
3348071631670500736,4545469030156206080,88.11543730306488,15.886239315232913,730.0,7.503087E-17,8.924657E-19
3348071631670500736,4545469030156206080,88.11543730306488,15.886239315232913,732.0,7.440168E-17,9.051807E-19
3348071631670500736,4545469030156206080,88.11543730306488,15.886239315232913,734.0,7.379383E-17,8.9683E-19
3348071631670500736,4545469030156206080,88.11543730306488,15.886239315232913,736.0,7.3243865E-17,8.6156144E-19
3348071631670500736,4545469030156206080,88.11543730306488,15.886239315232913,738.0,7.249684E-17,8.461854E-19
3348071631670500736,4545469030156206080,88.11543730306488,15.886239315232913,740.0,7.17128E-17,8.6504413E-19
3348071631670500736,4545469030156206080,88.11543730306488,15.886239315232913,742.0,7.104824E-17,8.6642423E-19
3348071631670500736,4545469030156206080,88.11543730306488,15.886239315232913,744.0,7.0351135E-17,8.2765314E-19
3348071631670500736,4545469030156206080,88.11543730306488,15.886239315232913,746.0,6.966182E-17,8.0289485E-19
3348071631670500736,4545469030156206080,88.11543730306488,15.886239315232913,748.0,6.884145E-17,8.2734114E-19
3348071631670500736,4545469030156206080,88.11543730306488,15.886239315232913,750.0,6.807958E-17,8.507669E-19
3348071631670500736,4545469030156206080,88.11543730306488,15.886239315232913,752.0,6.71212E-17,8.2076433E-19
3348071631670500736,4545469030156206080,88.11543730306488,15.886239315232913,754.0,6.634186E-17,7.770092E-19
3348071631670500736,4545469030156206080,88.11543730306488,15.886239315232913,756.0,6.5561693E-17,7.826461E-19
3348071631670500736,4545469030156206080,88.11543730306488,15.886239315232913,758.0,6.512129E-17,8.2049916E-19
3348071631670500736,4545469030156206080,88.11543730306488,15.886239315232913,760.0,6.4973065E-17,8.1935383E-19
3348071631670500736,4545469030156206080,88.11543730306488,15.886239315232913,762.0,6.4806014E-17,7.716176E-19
3348071631670500736,4545469030156206080,88.11543730306488,15.886239315232913,764.0,6.4603276E-17,7.471076E-19
3348071631670500736,4545469030156206080,88.11543730306488,15.886239315232913,766.0,6.4220516E-17,7.786464E-19
3348071631670500736,4545469030156206080,88.11543730306488,15.886239315232913,768.0,6.3485497E-17,8.0550714E-19
3348071631670500736,4545469030156206080,88.11543730306488,15.886239315232913,770.0,6.255973E-17,7.808129E-19
3348071631670500736,4545469030156206080,88.11543730306488,15.886239315232913,772.0,6.1282854E-17,7.349506E-19
3348071631670500736,4545469030156206080,88.11543730306488,15.886239315232913,774.0,5.997143E-17,7.372483E-19
3348071631670500736,4545469030156206080,88.11543730306488,15.886239315232913,776.0,5.8948484E-17,7.7902236E-19
3348071631670500736,4545469030156206080,88.11543730306488,15.886239315232913,778.0,5.828144E-17,7.894551E-19
3348071631670500736,4545469030156206080,88.11543730306488,15.886239315232913,780.0,5.797262E-17,7.482008E-19
3348071631670500736,4545469030156206080,88.11543730306488,15.886239315232913,782.0,5.7800066E-17,7.099581E-19
3348071631670500736,4545469030156206080,88.11543730306488,15.886239315232913,784.0,5.7904985E-17,7.32066E-19
3348071631670500736,4545469030156206080,88.11543730306488,15.886239315232913,786.0,5.783482E-17,7.738302E-19
3348071631670500736,4545469030156206080,88.11543730306488,15.886239315232913,788.0,5.746914E-17,7.706401E-19
3348071631670500736,4545469030156206080,88.11543730306488,15.886239315232913,790.0,5.6812525E-17,7.2275976E-19
3348071631670500736,4545469030156206080,88.11543730306488,15.886239315232913,792.0,5.586026E-17,6.9214663E-19
3348071631670500736,4545469030156206080,88.11543730306488,15.886239315232913,794.0,5.4837575E-17,7.1830084E-19
3348071631670500736,4545469030156206080,88.11543730306488,15.886239315232913,796.0,5.3852674E-17,7.5373395E-19
3348071631670500736,4545469030156206080,88.11543730306488,15.886239315232913,798.0,5.2919287E-17,7.419699E-19
3348071631670500736,4545469030156206080,88.11543730306488,15.886239315232913,800.0,5.2263495E-17,6.941169E-19
3348071631670500736,4545469030156206080,88.11543730306488,15.886239315232913,802.0,5.1735293E-17,6.679016E-19
3348071631670500736,4545469030156206080,88.11543730306488,15.886239315232913,804.0,5.1309858E-17,6.9298726E-19
3348071631670500736,4545469030156206080,88.11543730306488,15.886239315232913,806.0,5.1057892E-17,7.2584396E-19
3348071631670500736,4545469030156206080,88.11543730306488,15.886239315232913,808.0,5.072841E-17,7.1584986E-19
3348071631670500736,4545469030156206080,88.11543730306488,15.886239315232913,810.0,5.0333702E-17,6.7214654E-19
3348071631670500736,4545469030156206080,88.11543730306488,15.886239315232913,812.0,4.9930236E-17,6.483246E-19
3348071631670500736,4545469030156206080,88.11543730306488,15.886239315232913,814.0,4.9359005E-17,6.6965844E-19
3348071631670500736,4545469030156206080,88.11543730306488,15.886239315232913,816.0,4.906932E-17,7.0346857E-19
3348071631670500736,4545469030156206080,88.11543730306488,15.886239315232913,818.0,4.8689065E-17,6.990952E-19
3348071631670500736,4545469030156206080,88.11543730306488,15.886239315232913,820.0,4.8431144E-17,6.6208384E-19
3348071631670500736,4545469030156206080,88.11543730306488,15.886239315232913,822.0,4.8054393E-17,6.3551697E-19
3348071631670500736,4545469030156206080,88.11543730306488,15.886239315232913,824.0,4.7648968E-17,6.5396274E-19
3348071631670500736,4545469030156206080,88.11543730306488,15.886239315232913,826.0,4.727648E-17,6.9071747E-19
3348071631670500736,4545469030156206080,88.11543730306488,15.886239315232913,828.0,4.6788515E-17,6.9710605E-19
3348071631670500736,4545469030156206080,88.11543730306488,15.886239315232913,830.0,4.6201495E-17,6.639434E-19
3348071631670500736,4545469030156206080,88.11543730306488,15.886239315232913,832.0,4.563186E-17,6.287216E-19
3348071631670500736,4545469030156206080,88.11543730306488,15.886239315232913,834.0,4.5019335E-17,6.3197307E-19
3348071631670500736,4545469030156206080,88.11543730306488,15.886239315232913,836.0,4.45507E-17,6.669211E-19
3348071631670500736,4545469030156206080,88.11543730306488,15.886239315232913,838.0,4.4340474E-17,6.895611E-19
3348071631670500736,4545469030156206080,88.11543730306488,15.886239315232913,840.0,4.4060417E-17,6.7072876E-19
3348071631670500736,4545469030156206080,88.11543730306488,15.886239315232913,842.0,4.3879155E-17,6.3371635E-19
3348071631670500736,4545469030156206080,88.11543730306488,15.886239315232913,844.0,4.3427644E-17,6.188113E-19
3348071631670500736,4545469030156206080,88.11543730306488,15.886239315232913,846.0,4.3181624E-17,6.491913E-19
3348071631670500736,4545469030156206080,88.11543730306488,15.886239315232913,848.0,4.274664E-17,6.847361E-19
3348071631670500736,4545469030156206080,88.11543730306488,15.886239315232913,850.0,4.2160853E-17,6.8719927E-19
3348071631670500736,4545469030156206080,88.11543730306488,15.886239315232913,852.0,4.1307984E-17,6.516402E-19
3348071631670500736,4545469030156206080,88.11543730306488,15.886239315232913,854.0,4.0515005E-17,6.184246E-19
3348071631670500736,4545469030156206080,88.11543730306488,15.886239315232913,856.0,3.9784406E-17,6.2595466E-19
3348071631670500736,4545469030156206080,88.11543730306488,15.886239315232913,858.0,3.9278857E-17,6.685062E-19
3348071631670500736,4545469030156206080,88.11543730306488,15.886239315232913,860.0,3.8889906E-17,6.9936865E-19
3348071631670500736,4545469030156206080,88.11543730306488,15.886239315232913,862.0,3.8678075E-17,6.899624E-19
3348071631670500736,4545469030156206080,88.11543730306488,15.886239315232913,864.0,3.8716576E-17,6.520109E-19
3348071631670500736,4545469030156206080,88.11543730306488,15.886239315232913,866.0,3.8843988E-17,6.251177E-19
3348071631670500736,4545469030156206080,88.11543730306488,15.886239315232913,868.0,3.919019E-17,6.4574335E-19
3348071631670500736,4545469030156206080,88.11543730306488,15.886239315232913,870.0,3.896917E-17,6.854689E-19
3348071631670500736,4545469030156206080,88.11543730306488,15.886239315232913,872.0,3.8906308E-17,7.1356736E-19
3348071631670500736,4545469030156206080,88.11543730306488,15.886239315232913,874.0,3.8452953E-17,6.969818E-19
3348071631670500736,4545469030156206080,88.11543730306488,15.886239315232913,876.0,3.7904655E-17,6.5480496E-19
3348071631670500736,4545469030156206080,88.11543730306488,15.886239315232913,878.0,3.725967E-17,6.284589E-19
3348071631670500736,4545469030156206080,88.11543730306488,15.886239315232913,880.0,3.680433E-17,6.5255095E-19
3348071631670500736,4545469030156206080,88.11543730306488,15.886239315232913,882.0,3.6205507E-17,7.0075195E-19
3348071631670500736,4545469030156206080,88.11543730306488,15.886239315232913,884.0,3.5751395E-17,7.317342E-19
3348071631670500736,4545469030156206080,88.11543730306488,15.886239315232913,886.0,3.5442883E-17,7.192845E-19
3348071631670500736,4545469030156206080,88.11543730306488,15.886239315232913,888.0,3.5379627E-17,6.7619523E-19
3348071631670500736,4545469030156206080,88.11543730306488,15.886239315232913,890.0,3.5522166E-17,6.427261E-19
3348071631670500736,4545469030156206080,88.11543730306488,15.886239315232913,892.0,3.5653377E-17,6.5332927E-19
3348071631670500736,4545469030156206080,88.11543730306488,15.886239315232913,894.0,3.572399E-17,7.0000816E-19
3348071631670500736,4545469030156206080,88.11543730306488,15.886239315232913,896.0,3.58417E-17,7.439003E-19
3348071631670500736,4545469030156206080,88.11543730306488,15.886239315232913,898.0,3.5623062E-17,7.465365E-19
3348071631670500736,4545469030156206080,88.11543730306488,15.886239315232913,900.0,3.529295E-17,7.1318086E-19
3348071631670500736,4545469030156206080,88.11543730306488,15.886239315232913,902.0,3.4777482E-17,6.736126E-19
3348071631670500736,4545469030156206080,88.11543730306488,15.886239315232913,904.0,3.4006358E-17,6.6741854E-19
3348071631670500736,4545469030156206080,88.11543730306488,15.886239315232913,906.0,3.3153326E-17,7.06356E-19
3348071631670500736,4545469030156206080,88.11543730306488,15.886239315232913,908.0,3.251345E-17,7.615721E-19
3348071631670500736,4545469030156206080,88.11543730306488,15.886239315232913,910.0,3.1758203E-17,7.844895E-19
3348071631670500736,4545469030156206080,88.11543730306488,15.886239315232913,912.0,3.121239E-17,7.665273E-19
3348071631670500736,4545469030156206080,88.11543730306488,15.886239315232913,914.0,3.0924498E-17,7.2568607E-19
3348071631670500736,4545469030156206080,88.11543730306488,15.886239315232913,916.0,3.0842544E-17,7.012843E-19
3348071631670500736,4545469030156206080,88.11543730306488,15.886239315232913,918.0,3.0675242E-17,7.190645E-19
3348071631670500736,4545469030156206080,88.11543730306488,15.886239315232913,920.0,3.0751822E-17,7.756495E-19
3348071631670500736,4545469030156206080,88.11543730306488,15.886239315232913,922.0,3.1063765E-17,8.3203477E-19
3348071631670500736,4545469030156206080,88.11543730306488,15.886239315232913,924.0,3.102391E-17,8.4250786E-19
3348071631670500736,4545469030156206080,88.11543730306488,15.886239315232913,926.0,3.0914803E-17,8.1237527E-19
3348071631670500736,4545469030156206080,88.11543730306488,15.886239315232913,928.0,3.0928674E-17,7.739635E-19
3348071631670500736,4545469030156206080,88.11543730306488,15.886239315232913,930.0,3.0623867E-17,7.5888853E-19
3348071631670500736,4545469030156206080,88.11543730306488,15.886239315232913,932.0,3.020361E-17,7.9473104E-19
3348071631670500736,4545469030156206080,88.11543730306488,15.886239315232913,934.0,2.9848965E-17,8.629682E-19
3348071631670500736,4545469030156206080,88.11543730306488,15.886239315232913,936.0,2.9474586E-17,9.173951E-19
3348071631670500736,4545469030156206080,88.11543730306488,15.886239315232913,938.0,2.9178968E-17,9.309896E-19
3348071631670500736,4545469030156206080,88.11543730306488,15.886239315232913,940.0,2.8796543E-17,8.97591E-19
3348071631670500736,4545469030156206080,88.11543730306488,15.886239315232913,942.0,2.849429E-17,8.519222E-19
3348071631670500736,4545469030156206080,88.11543730306488,15.886239315232913,944.0,2.8593946E-17,8.4833545E-19
3348071631670500736,4545469030156206080,88.11543730306488,15.886239315232913,946.0,2.8298894E-17,8.87417E-19
3348071631670500736,4545469030156206080,88.11543730306488,15.886239315232913,948.0,2.811043E-17,9.62096E-19
3348071631670500736,4545469030156206080,88.11543730306488,15.886239315232913,950.0,2.8179155E-17,1.0350376E-18
3348071631670500736,4545469030156206080,88.11543730306488,15.886239315232913,952.0,2.7757283E-17,1.0484514E-18
3348071631670500736,4545469030156206080,88.11543730306488,15.886239315232913,954.0,2.7396822E-17,1.0200548E-18
3348071631670500736,4545469030156206080,88.11543730306488,15.886239315232913,956.0,2.7138415E-17,9.796084E-19
3348071631670500736,4545469030156206080,88.11543730306488,15.886239315232913,958.0,2.6591195E-17,9.607425E-19
3348071631670500736,4545469030156206080,88.11543730306488,15.886239315232913,960.0,2.6078928E-17,1.0075327E-18
3348071631670500736,4545469030156206080,88.11543730306488,15.886239315232913,962.0,2.5585181E-17,1.101917E-18
3348071631670500736,4545469030156206080,88.11543730306488,15.886239315232913,964.0,2.5230102E-17,1.198122E-18
3348071631670500736,4545469030156206080,88.11543730306488,15.886239315232913,966.0,2.4728636E-17,1.2371393E-18
3348071631670500736,4545469030156206080,88.11543730306488,15.886239315232913,968.0,2.4566538E-17,1.2259144E-18
3348071631670500736,4545469030156206080,88.11543730306488,15.886239315232913,970.0,2.4642308E-17,1.1788877E-18
3348071631670500736,4545469030156206080,88.11543730306488,15.886239315232913,972.0,2.4500079E-17,1.1274092E-18
3348071631670500736,4545469030156206080,88.11543730306488,15.886239315232913,974.0,2.4859709E-17,1.1641512E-18
3348071631670500736,4545469030156206080,88.11543730306488,15.886239315232913,976.0,2.509018E-17,1.2730254E-18
3348071631670500736,4545469030156206080,88.11543730306488,15.886239315232913,978.0,2.5051167E-17,1.4000155E-18
3348071631670500736,4545469030156206080,88.11543730306488,15.886239315232913,980.0,2.5443267E-17,1.5253212E-18
3348071631670500736,4545469030156206080,88.11543730306488,15.886239315232913,982.0,2.5126936E-17,1.5461021E-18
3348071631670500736,4545469030156206080,88.11543730306488,15.886239315232913,984.0,2.4967812E-17,1.5130807E-18
3348071631670500736,4545469030156206080,88.11543730306488,15.886239315232913,986.0,2.4528011E-17,1.4403882E-18
3348071631670500736,4545469030156206080,88.11543730306488,15.886239315232913,988.0,2.3674728E-17,1.3979876E-18
3348071631670500736,4545469030156206080,88.11543730306488,15.886239315232913,990.0,2.3189381E-17,1.5027291E-18
3348071631670500736,4545469030156206080,88.11543730306488,15.886239315232913,992.0,2.2169107E-17,1.6919448E-18
3348071631670500736,4545469030156206080,88.11543730306488,15.886239315232913,994.0,2.1508481E-17,1.9479833E-18
3348071631670500736,4545469030156206080,88.11543730306488,15.886239315232913,996.0,2.0918609E-17,2.1610474E-18
3348071631670500736,4545469030156206080,88.11543730306488,15.886239315232913,998.0,2.0329517E-17,2.2539024E-18
3348071631670500736,4545469030156206080,88.11543730306488,15.886239315232913,1000.0,2.0234133E-17,2.2566687E-18
3348071631670500736,4545469030156206080,88.11543730306488,15.886239315232913,1002.0,2.0401272E-17,2.1836493E-18
3348071631670500736,4545469030156206080,88.11543730306488,15.886239315232913,1004.0,2.0841064E-17,2.153592E-18
3348071631670500736,4545469030156206080,88.11543730306488,15.886239315232913,1006.0,2.1964674E-17,2.3598402E-18
3348071631670500736,4545469030156206080,88.11543730306488,15.886239315232913,1008.0,2.3054668E-17,2.7762779E-18
3348071631670500736,4545469030156206080,88.11543730306488,15.886239315232913,1010.0,2.4678196E-17,3.372847E-18
3348071631670500736,4545469030156206080,88.11543730306488,15.886239315232913,1012.0,2.6556081E-17,3.982606E-18
3348071631670500736,4545469030156206080,88.11543730306488,15.886239315232913,1014.0,2.7890442E-17,4.371361E-18
3348071631670500736,4545469030156206080,88.11543730306488,15.886239315232913,1016.0,2.9722098E-17,4.64367E-18
3348071631670500736,4545469030156206080,88.11543730306488,15.886239315232913,1018.0,3.0142078E-17,4.5412302E-18
3348071631670500736,4545469030156206080,88.11543730306488,15.886239315232913,1020.0,3.0704332E-17,4.4950583E-18
