wavelength[nm],wavelength_err[nm],QE,QE_err
298.7271403141488,1.0425237182052045e-07,0.1576602647006612,0.026451386552897988
299.72334712819713,9.832666025121673e-08,0.15120247240100596,0.027335783146493216
300.7604322555527,1.5412343186170158e-07,0.12576467057471002,0.026053816253451986
301.639666332685,1.5566928012462809e-07,0.12450466221336427,0.004842400207773422
302.6399625240073,1.44050206704509e-07,0.09593083868851116,0.01242064020242962
303.6277651311158,1.0866642364133986e-07,0.10033736724097538,0.006619927964608335
304.67646543118576,1.3087355311633365e-07,0.0941845274093855,0.004530515808761391
305.6376318932321,1.2364002653229586e-07,0.09560004697728679,0.01213534511603328
306.6096958954749,1.568115790725244e-07,0.08642083365179236,0.0039634126852305185
307.6369996397713,1.2114779404083412e-07,0.08381562052286172,0.016284100056364475
308.61418449524365,1.0303588552365545e-07,0.07622265492234935,0.01709138358624484
309.6719555534756,1.372137867761932e-07,0.07881831936995022,0.011623107371293217
310.6150667148653,1.4014057794161006e-07,0.06985467816952073,0.11287980048026962
311.5550800018551,1.6399330028079926e-07,0.11238912035083488,0.04025936391239834
312.59909507605283,1.0440166650474813e-07,0.07989364647258577,0.018282744902660006
313.60478792579147,1.4711722032650326e-07,0.10358350134064132,0.0699058601350437
314.59244383759966,1.4099765884880325e-07,0.2111451502530746,0.007438939898014585
315.5497317388421,1.317321741469909e-07,0.14375144435398288,0.04476852235556782
316.53162951788903,1.2840386057689626e-07,0.08660971139889494,0.06060140972981781
317.52025345944674,1.1864178717603937e-07,0.1530338981549966,0.018866804281152404
318.53492829901194,1.1407583678993195e-07,0.2175985038972635,0.022591007711798086
319.47980978460635,1.2929994759294246e-07,0.19677740835865512,0.042109102924769444
320.4573267797706,1.397897336932471e-07,0.24919679834456954,0.020529901093148385
321.4396201881604,1.2705836578013976e-07,0.2608109662708416,0.04081131503662538
322.4867769204501,1.6216712209881226e-07,0.3828745448692082,0.07782803439912363
323.4306063862204,1.2867530654162344e-07,0.45381538263117954,0.04304100266287458
324.3635797498439,1.2175432468217326e-07,0.40953547265330625,0.09664760801521528
325.3594451197385,1.3170346977164625e-07,0.5176446575227371,0.07743524693214286
326.39972658213287,1.518653360351655e-07,0.6403979364776888,0.08183459946519434
327.36787290556947,1.3324250505585425e-07,0.7543440447451074,0.13758783116714815
328.3210967770628,8.788753611980039e-08,0.9254353354239448,0.11521961183837659
329.2797731779192,1.0437232849997476e-07,1.079647108802865,0.10822880425812664
330.25123490908976,1.8553314406848417e-07,1.2449736628804382,0.17237592582229846
331.27564787878515,1.204919941760472e-07,1.4036837286257466,0.16990723394485988
332.2205076678176,1.137434092758878e-07,1.6133285943579558,0.15946244745031973
333.1927720766769,9.943394285952477e-08,1.8399432095523445,0.1703224890877521
334.1930650287407,1.6549912552732425e-07,2.082966256443307,0.19481253625770323
335.1665686658317,1.471380266611792e-07,2.3645087665534104,0.18353628671062788
336.1883184165124,1.0879226887113353e-07,2.659517266232788,0.23256747541855155
337.11924484584114,7.490777362971183e-08,2.925739793448733,0.21025667963943565
338.139716752569,1.309038538746945e-07,3.3031731370529918,0.26898488383716496
339.08712915270297,1.4607623145040297e-07,3.650699166802818,0.2620103417193405
340.07258811579374,1.7616826124396146e-07,4.008174047658135,0.25963960354624194
341.0450257193912,1.219534470695709e-07,4.432973469016139,0.2782181708074106
342.05463424481434,1.4760518958199274e-07,4.814886168653835,0.33996528198119647
343.0389802129644,1.6680157278928e-07,5.257138623765743,0.3478328349665217
344.007959101165,1.540757089562351e-07,5.697845820268717,0.363475575113795
345.01077941791624,1.311877030027557e-07,6.182706557488218,0.38968087388461786
345.9927802926766,9.81607085745014e-08,6.719099600105355,0.39866980805848
347.0497795593888,1.5439001189070192e-07,7.304669759905988,0.3879822072807995
347.980486752961,1.2056009366741546e-07,7.840865333579863,0.39995777480228384
348.95996437945905,1.3112717651003973e-07,8.417606034966344,0.44013092185812
349.9586220033755,1.2506389785249134e-07,8.959837066005019,0.46923380383393987
350.9864304499273,1.2934403583060966e-07,9.589504031396253,0.44455646882782085
351.9937082983766,1.202348275756619e-07,10.246780331025755,0.4817177033288191
352.97355647126614,1.3756532149647097e-07,10.879522429959692,0.4685234282851054
353.9474984348844,1.1939161102529074e-07,11.551970740831258,0.553627677748489
354.94694330735626,1.2673144676937104e-07,12.220870580924071,0.5807661050627654
356.0181361760537,1.7543526777146794e-07,13.026653132489292,0.5765431458599022
356.9640606715481,1.581770109860178e-07,13.747613472319792,0.5245011437305668
357.9115598354633,1.5920691088226165e-07,14.45679563454553,0.49584707350569085
358.8932564818398,1.700518562140164e-07,15.299433340184306,0.4569188679127651
359.9209681231349,1.409946287853321e-07,16.18110521876621,0.44176978349977863
360.94164881515775,1.4993502811017084e-07,17.098707790026122,0.4098560125338765
361.941590583666,1.183740634857614e-07,18.00591455850407,0.3910372276278261
362.920659313848,1.277413049204063e-07,18.971075730047886,0.2800848483005245
363.8947012768149,8.838079752653817e-08,20.029234618968186,0.2285101930276358
364.9719360812719,7.564512796820633e-08,21.218381271497346,0.2508652567568423
365.97190928285687,6.669896938431204e-08,22.335569538585744,0.27138136766435295
366.9953098865067,6.567028604106472e-08,23.486626605464647,0.31818882962230083
367.97041162926587,6.1407422797353e-08,24.619273272667062,0.4305011779286836
368.9379359821677,3.9705625059435046e-08,25.796270790505115,0.385242774746876
370.01837842103936,2.6842174333042442e-08,27.209430900011437,0.38283068089338446
371.0383845686764,1.5150188910807316e-08,28.617664449275143,0.3237405343964453
372.07298925170335,2.066121744071365e-08,30.061646161674478,0.30264321042780756
373.0823386782923,1.0191739500794725e-08,31.418088141070797,0.21356011366115765
374.0655060397232,2.888708413650485e-08,32.82223282437053,0.22536890382833447
375.1013311572802,4.413988959914116e-08,34.20810654409735,0.17582623293765015
376.1507408200282,2.6487795452277454e-08,35.74584029707946,0.28846611726719434
377.148733050875,7.72630312614507e-08,37.25294505178002,0.33698321856326946
378.155248280233,4.7978591763650754e-08,38.75933503372685,0.2279001719553198
379.1502849869737,4.6510450143709624e-08,40.215646982841484,0.13903937920044074
380.1649048963127,5.6626473736143366e-08,41.55195325103198,0.09454201642241106
381.2282872424908,4.5527633557030215e-08,42.88253072392888,0.08253733575803307
382.2415392614613,7.867651311040282e-08,44.122116854881796,0.16434777119985672
383.24970083520174,5.223053040633695e-08,45.383954075765864,0.15854275111684757
384.2702289442307,3.757658966336202e-08,46.71290763178879,0.21598526099471294
385.2703526590992,6.214035524203264e-08,47.96950794077401,0.21562778040383254
386.298450506948,6.175817128694415e-08,49.098477531693334,0.16149896336068434
387.3816997299953,5.602861963473291e-08,50.105695820796804,0.07537115137348391
388.368499767188,6.52627800930021e-08,51.26144095804805,0.30456462425178893
389.3606208750976,4.7435313510877e-08,52.47459774928891,0.5258611995043568
390.3485008309028,2.616752112285789e-08,53.604345923917236,0.734084373697874
391.4001909673101,1.0358699397887005e-07,54.95511566115258,0.9064912168394041
392.40724417768746,5.5303725989696164e-08,56.063443326501634,0.8379097850579538
393.45749866203465,7.478288672287187e-09,57.20379724409546,0.921566850235023
394.4083999662031,1.2595929192823973e-08,58.04825439079042,0.8473868613509807
395.3892694582625,1.6746212610616335e-08,58.96759747276294,0.80160392079197
396.4420935432096,4.8867689436878936e-08,59.87153472330913,0.7020806125518892
397.4076032029618,6.153427639692407e-08,60.738953077332404,0.5534252520840244
398.4345242196643,3.911459885099297e-08,61.53623830320066,0.3150448301825176
399.3685079789892,3.7548715508067686e-08,62.02808728480284,0.20709999426165462
400.3781020544629,6.981998141469661e-12,62.53480722023145,0.24873598102693736
401.3604989968508,3.659530828043669e-08,63.09873049006503,0.17426759227820077
402.3511971661408,7.77331983149779e-08,63.75218579467509,0.04698308584951651
403.3682306848805,5.4937952030456793e-08,64.37548512726086,0.4177632944679073
404.3811964060826,4.2228654722181257e-10,65.36991570426945,0.7906030683770505
405.3486843318458,5.628079580185128e-09,66.28601628953693,1.018711239004358
406.3353856028614,3.805568568368799e-09,67.21584158497134,1.1495403705048814
407.3335526254679,2.233903411907202e-08,67.95120341719031,1.0597871907326208
408.3450632692432,4.4056539463511607e-08,68.67971845574154,0.9622012811465391
409.3889711455365,2.2974114561980828e-08,69.37137554106147,0.9405350934917526
410.31924752592585,1.5211195514077338e-08,70.02116197334503,1.1429276095959493
411.2937097066857,2.1747996493249053e-08,70.78214835542035,1.3674251894453755
412.33880697087216,9.850908761110017e-09,71.6489341460565,1.4942117784081463
413.3108803709468,1.9515215438517522e-08,72.50304537102116,1.5857171082296737
414.3511524845732,1.5205611871085863e-08,73.30977386359869,1.31846903730431
415.2869768965867,3.719207431683117e-10,73.82649419821017,0.9335440631779486
416.28646079510895,2.2947797052233544e-08,74.35159417642517,0.702940519841796
417.2743815907653,1.8461546810507763e-08,74.7121143044937,0.4849454446165265
418.2854915935313,3.2786491534480934e-08,75.00865000387951,0.5925248494736776
419.3097265143984,1.4639795350331495e-09,75.53546845751534,0.6522313114322678
420.2576960197565,1.4906972573434162e-08,76.05276499973753,0.8041549566696776
421.24208134214473,1.7331591671119694e-08,76.59416826095982,0.8075495463581354
422.21071463185854,2.2684744075458498e-08,77.23397526531453,0.6616975464677105
423.2830876032267,3.6721019518687525e-08,77.86605694644261,0.4980924412877486
424.2788053312125,6.880118419316325e-09,78.19153701172233,0.35582026198624234
425.2432081194111,1.64214154606418e-08,78.46204703458419,0.322247294246369
426.2005436063434,5.2920278663325294e-08,78.61410479045493,0.30267292198040624
427.1665212067202,5.09342954354524e-08,78.8820959787621,0.3964088017413955
428.1947042661468,5.810688051496874e-08,79.2538266533111,0.6165715903088106
429.1670997948088,4.867507449327422e-08,79.71845198179447,0.691925911440535
430.1843009130909,6.687094518485339e-08,80.27488802214522,0.6468153888662647
431.1109562440448,7.439829631835191e-08,80.78487160238853,0.5801513068351536
432.095146736968,4.504344988747893e-08,81.32126731121082,0.6451018561693831
433.1132923970516,2.618923610617409e-08,81.58807788532935,0.4603155331450596
434.1336964114186,7.882232951270263e-08,81.90279310767346,0.26044227491219835
435.0920627545768,6.33379085981398e-08,81.80749114892326,0.35338283594404857
436.05727222152177,1.2640567449647384e-07,81.80846346459758,0.3788006297592718
437.0251664737777,8.26265793607495e-08,81.98299343532729,0.40210603621778473
438.0361663954232,3.322908327503207e-08,82.07009567825122,0.25226589168385427
439.0107609552688,9.015470960669905e-08,82.32341609536935,0.34304704436510647
439.99933169377846,9.24182049677708e-08,82.48218436712438,0.2861128808073031
440.9458914552435,1.1588468397730224e-07,82.63665819800606,0.38480027141381495
441.9579218714314,1.0779627972851779e-07,82.79033272937743,0.4324941848591564
442.9073874220786,7.361105794682553e-08,82.9017061444028,0.5201245291836395
443.89230306436025,5.920709156289863e-08,83.01066298391687,0.5224183706859329
444.8965579356291,9.756298440337417e-08,83.23090624135291,0.5221318710363984
445.8713217951443,1.1556602580163627e-07,83.32874702196546,0.29742867288544494
446.878426848486,7.38214091106284e-08,83.66903723349287,0.24682247434481366
447.8340900294058,9.222281567242897e-08,83.82450232607734,0.31535442078793574
448.8120129063692,5.965989054597764e-08,84.13663330887816,0.3903946586646804
449.812080344801,7.137971353937238e-08,84.40413226834983,0.46275302243287975
450.8292241179402,1.0534624488064797e-07,84.5225852396515,0.46121616700804513
451.82120902251785,4.896448182526523e-08,84.65284377655836,0.54170220616038
452.7983272504956,6.651815991557355e-08,84.68148922454283,0.4307982297249938
453.7704051045933,3.015295640499669e-08,84.724947683575,0.4179277644716465
454.7389806925479,5.372208155746319e-08,84.94767666355267,0.40958678628974843
455.7310096679788,3.727269419676714e-08,85.00326725684909,0.4011488935375852
456.7423534523608,3.3207531616065043e-08,85.19718555893236,0.4805248142466537
457.75821473281314,6.127441383882353e-08,85.41568920880691,0.4825017735347027
458.7455996878574,2.4157176519682333e-08,85.65377394017742,0.4667375810494527
459.7250215460844,3.5517740143051666e-08,85.71499961542342,0.43095981321194476
460.6870799013618,1.7483441271649518e-08,85.70041477751697,0.5239319563251726
461.73976478932576,1.9025837544473687e-08,85.85126969861055,0.6095232263598298
462.7682182605552,2.5986978368972345e-08,85.67727588917857,0.5531503486612241
463.71692223770384,1.7795965512670372e-08,85.74476290124711,0.489825536137675
464.7375009394555,1.5354616340397942e-09,85.76686573203618,0.27623631693964595
465.6716459654211,3.082137885366615e-09,85.8219187991371,0.20734660396485763
466.6653426624004,8.716435978734459e-09,85.93317080905695,0.23780266561304508
467.6857760262801,6.309550288189674e-09,86.1530126194388,0.34312471901407293
468.682351158894,1.6884843273575272e-08,86.38697658596998,0.4349684098916659
469.7024561079329,6.202328493348456e-09,86.48931619400155,0.4885965417045658
470.703789588067,1.5694457970263646e-08,86.50504348012105,0.437734449450868
471.6891319934645,8.383593091314369e-09,86.5292338203974,0.39875532990784246
472.6814304935018,3.6066132453337614e-08,86.40547034891175,0.41318803749650884
473.7308830191277,2.981405974217672e-08,86.408554658414,0.3229928740295828
474.7761283381683,2.3756659475072176e-08,86.29620106108923,0.42488759929811226
475.7622287919844,5.6898908026412713e-08,86.39600142482101,0.4951866627745772
476.7767165596259,7.55071436222442e-08,86.48716776591102,0.6453839117811402
477.7391279467695,8.14021887739195e-08,86.84315246706024,0.8208329081624514
478.7350295139968,1.0031796030401477e-07,87.04461120140782,0.9543077212960536
479.8085757908082,9.885335886812026e-08,87.33619124811435,0.8395291668344796
480.8466831190128,9.604602415807817e-08,87.56287628432773,0.9374326609449026
481.85784710967215,1.7045685770349237e-07,87.73631974651236,0.8994305868391417
482.8695685944976,1.4799876868742066e-07,87.9226424378138,0.8629339144398148
483.8869293316645,1.5071391138514948e-07,87.99440015468512,0.7893777210843104
484.8936776914446,1.2743785135101558e-07,88.0800390184047,0.6186636760103901
485.9117458332812,1.6537637183717468e-07,88.00530910580433,0.4914232567103656
486.9581289136393,1.6878765904078246e-07,87.9565471179116,0.511960326109592
488.0309709837776,1.410290321761019e-07,87.88363974634603,0.5422495386686603
489.0249129337504,1.94464314572384e-07,87.81954614105605,0.5814855181061388
490.0198747404061,1.4699867542013712e-07,87.76685574948618,0.5784443728632469
491.0551862691431,1.3725822410665806e-07,87.90984387730332,0.6511783836978233
492.0590997697877,1.396215611004093e-07,87.94383676949629,0.7458928803672014
493.11288617959485,2.036200367149655e-07,87.9498955823418,0.6362276516151386
494.1307396629195,2.054081935269644e-07,87.91423486988386,0.6010829802634798
495.1786583181433,1.5435810084797625e-07,87.75828360978396,0.6581189878870437
496.16226677561656,1.6833304009813413e-07,87.67402714656025,0.47579724589258554
497.1914384855087,1.5782996074262546e-07,87.38426840422726,0.4521278679121161
498.20132672701294,1.2890599575643318e-07,87.20049211011987,0.3996567199036519
499.2318192393657,1.65007260231208e-07,87.07550377603134,0.4838219060724748
500.1946165002364,1.792996859659292e-07,87.01132431291514,0.6993314349754801
501.2282157834345,1.7906332104059699e-07,86.97421239363149,0.7568378263039087
502.2777593709595,1.2950083116660033e-07,87.05138065245234,0.9053785650548785
503.2075862860885,1.534777880504192e-07,87.11633614808999,0.8767492421174223
504.20386738922224,1.0472768144100293e-07,87.14902289208209,0.8869658242372147
505.19839114459256,1.659332430755119e-07,87.30413188970215,0.8921365268381957
506.2313248819655,1.7582194957944454e-07,87.3639517838024,0.8929451812035338
507.20154954491016,1.673214747610162e-07,87.24868295842514,0.7796561680767606
508.2206244899101,1.4137705309384208e-07,87.04529640342679,0.7286156546087665
509.1828551158172,1.7082098569823762e-07,86.96577388445446,0.6827443833331032
510.1824710196392,1.1148103733994033e-07,86.78742842976317,0.6046631996140517
511.1900294716515,9.833194928950367e-08,86.70024512822827,0.5625613219222222
512.1955590720992,1.3886040406611653e-07,86.54470284484235,0.6138008998767633
513.1595387850633,1.105543065504086e-07,86.36609945725502,0.7000010433537703
514.1921374806457,1.0165835596842649e-07,86.26529047287346,0.7308947496041704
515.2135815808531,6.039335957842635e-08,86.05002096649804,0.6888236832022183
516.1684817106935,8.854080744562169e-08,85.83882528857266,0.6112911597285818
517.1400440147922,4.4189804956755456e-08,85.57736498522337,0.6476174955313879
518.1428843163618,5.725189918286795e-08,85.3856429424552,0.5517655706234519
519.1932725025466,7.224659336591776e-08,85.23260363838388,0.4830856974436131
520.1593961283979,7.277428928581732e-08,84.93871631131105,0.4194106103992391
521.19800951253,4.5373414698457e-08,84.66967465872163,0.564385390776819
522.1304244750487,4.330461561030999e-08,84.45187058923622,0.5745395465705083
523.1395902701194,2.2339797964417445e-08,84.20479566191563,0.5919349993987099
524.1116229819171,3.506341435614565e-08,84.05952452338357,0.7307756115932845
525.0792923059112,8.676877748489985e-08,83.96564905114255,0.6541137520363056
526.1437813058701,7.669239590406599e-08,83.85968490988735,0.7641848398060302
527.1367362036615,3.054014695428924e-08,83.83048647365705,0.7560121181837998
528.1132606945317,3.4638660550981294e-08,83.60156562237654,0.8087275574569788
529.0747433808239,3.7413170999550686e-08,83.6499649075618,0.7812281314449084
530.0601843692916,3.549549976480288e-08,83.38499504893393,0.6576615666964821
531.0118977095152,4.8494837737366714e-08,83.27464251863239,0.7107061590751694
532.0434717262052,3.511286725925652e-08,82.98778943658913,0.7987166747381979
533.0490604148796,7.326567299578321e-09,82.81305074975221,0.7587542701842311
534.0199010059382,6.724402835385475e-08,82.55576545983683,0.8006948176890826
535.0026836764578,6.58998907855876e-08,82.47596826537931,0.8094445505149831
535.9690425739785,5.4217807994241554e-08,82.38997392060645,0.8461681489636289
536.9586158786872,5.046030752460481e-08,82.2188913723946,0.8333472365845864
537.9398562159208,4.2901245528066806e-08,82.08290604012045,0.7988608240227837
538.9353342423705,5.5162369189744806e-08,81.88451911924959,0.8844512998658405
539.9000873956668,5.800426332224069e-08,81.61900198467858,0.9230382859316604
540.878278555234,8.446115244799788e-08,81.60614666163275,1.0374030345055383
541.8607978013029,7.658078157480241e-08,81.42557204414133,0.9057818044346729
542.8426422564361,3.9481724865306565e-08,81.37567773198107,0.791261510958246
543.8412992860989,1.2011057451180471e-08,81.32448626449705,0.6996138686420941
544.7923981689785,1.9506309230960135e-08,81.11740557172992,0.8321327697245677
545.7761056747961,3.652755896222885e-08,80.86920111056737,0.8058883040309466
546.7801733936398,7.595937173732378e-08,80.5844356001636,0.803672245162021
547.738857183816,7.628177313474054e-08,80.40896976326259,0.6134108995579759
548.7463017809484,4.192193758764197e-08,80.07655056623065,0.571725204534846
549.7601443023271,3.032369384088173e-09,79.76180900942691,0.5841684841081104
550.684562286635,2.8269359176612946e-08,79.52738046023347,0.5605851537089231
551.6744906778981,9.66205674459852e-09,79.2347770639192,0.5170219580015174
552.6335699007827,2.7149663500368772e-08,78.97596510101526,0.48423203744212373
553.6430874551679,4.592180241731015e-08,78.78831218099377,0.42618882737305464
554.641653058466,1.2442580042699144e-08,78.63936871817769,0.5258562240743925
555.6705397372718,1.9540972063941773e-08,78.5019599557085,0.7705222616580409
556.6145320001006,1.9492030260777e-09,78.30891114239343,0.8639156050234669
557.582725193675,2.2784028622159143e-08,78.17434562794638,0.8267079292153164
558.5564040816989,2.8256264779302413e-08,77.77517552808557,0.906712736368506
559.5324906232942,4.6984602120714026e-08,77.62524287611949,0.8451357236526181
560.5424143618995,5.096752690140735e-08,77.41591087121304,0.7464759181222258
561.6021358467419,5.2934367800285236e-08,77.35623294474523,0.6897697073663679
562.5746085439654,6.261165713095887e-08,77.36978711076412,0.5215993771941735
563.5914762963191,8.462412000084812e-08,77.16358512325257,0.525818769406205
564.5877778008957,1.1034623648197229e-07,76.9352173553183,0.5589073870348692
565.539358301339,9.961801703829492e-08,76.51644292553668,0.5069438082795535
566.5229146256435,1.1265384913412833e-07,76.0618546683108,0.753382756662312
567.5373022251249,1.245517206717181e-07,75.73932860141502,0.7299378086572961
568.5831565247502,1.4363360990723426e-07,75.50714303508447,0.70460268375614
569.5536036785378,1.2141680492147265e-07,75.2342601826985,0.6659431041293586
570.5642990745856,1.2404334095339793e-07,75.07287672708848,0.7198828602450683
571.5668022360783,1.1189792750425045e-07,74.94216450191229,0.7162346240659835
572.5450189844972,1.2170436854049045e-07,74.90460541253363,0.6971890503428737
573.5199907277715,1.3242060628239064e-07,74.96745201554329,0.8530700874850498
574.5030264842319,1.354443801208738e-07,74.74038598925432,0.7969549715209192
575.5265593576087,1.885842138594343e-07,74.51673587883762,0.8009697995021969
576.5614360327132,1.6825393485374554e-07,74.21219312085047,0.8769109230425671
577.5395172477266,1.5810629822135924e-07,73.8997780119749,0.9112787083889198
578.565920640799,1.1483776832615508e-07,73.57950481807129,0.8223847499627508
579.5932756057506,1.429730433148326e-07,73.31989783277825,0.5673271631790329
580.578106715387,1.125695038968981e-07,73.05903408298876,0.337472108459052
581.5639798332525,1.1602054498294166e-07,72.72469726262375,0.28700803066814495
582.5403332968928,8.11512592927973e-08,72.45606423932945,0.3107224052979464
583.6009963052454,1.1954028846592398e-07,72.17272984056221,0.49313647496306395
584.6492090472793,8.284183446578293e-08,72.07406598210497,0.5731274305746038
585.7192019456819,6.98590105474528e-08,71.81651614559149,0.7270334073576465
586.6833308253579,4.221431707370088e-08,71.65339785321045,0.6795028084269461
587.7062324006166,4.4791866797674576e-08,71.28106923346591,0.8557777428164505
588.7339168911334,5.09381782173849e-08,70.78393683365016,0.9611001075096746
589.7408753662925,2.8477069376057323e-08,70.35048628334992,0.9770806802529449
590.7486356692293,3.2860346740658026e-08,70.1763205106164,0.7499934412638373
591.7391330896835,1.1942082909684229e-08,69.99871065900703,0.5521125245040736
592.7888640735357,2.2586811307150927e-08,69.82731265524501,0.4148855017229042
593.8425331546464,1.3545509239853143e-08,69.72155364505336,0.2877529959166872
594.8757838972472,6.954638527674871e-09,69.55309331278168,0.2511580006774994
595.9259914820731,8.303235718005266e-09,69.42117779245702,0.40156749181757984
596.937148129008,3.1064170946891164e-08,69.00864519982535,0.538767901233957
597.948063783598,3.8940082388063774e-08,68.78634389870537,0.7750163407276209
598.9661966722771,6.389087151107869e-09,68.34805584965633,0.7264673803538748
599.9800603134241,4.688020964388988e-09,68.02176974657219,0.8092703501434194
600.9996700274412,3.2205633381527875e-08,67.52168871099578,0.8361671898829085
602.0267546679477,2.9180025194683785e-08,67.07543257051181,0.7454644813910801
603.0542316522801,8.711051918306958e-08,66.6885658007915,0.5159576289886598
604.0689043674058,5.1742251657746784e-08,66.37808444851021,0.4080694304703793
605.0967426424019,5.5128565052109196e-08,66.34216428068507,0.28143641421233384
606.1113729182985,3.79883781902459e-08,66.16021483703271,0.49077171048737955
607.1089594533018,6.4687842987188e-08,66.26995124753081,0.5041892152606776
608.1035388229416,3.6902707266197526e-08,66.05621712465535,0.47643056246156895
609.1048744566093,4.322460745398108e-08,65.90068650921116,0.642905234334266
610.09965692225,3.6681013944831785e-08,65.41723316290675,0.6808971588550876
611.0681897122513,5.43362649736525e-08,65.04095607871973,0.8226342482820378
612.087084093833,1.0451184306681376e-07,64.85962190798611,0.9309637878133914
613.0732104469407,7.996929728279877e-08,64.3465819415864,0.9443286957448056
614.1175841765825,8.415359634368166e-08,63.874503888770334,0.8945916024806101
615.1137397227474,5.493698940893056e-08,63.517142580402464,0.7331121967119469
616.129446777747,2.6682366669759484e-08,63.34271690001211,0.5342665060640355
617.0622549197116,7.654930325369344e-08,63.19429080746145,0.3587989557019694
618.0634617643256,4.024385426578304e-08,62.91753381200155,0.20971023672378467
619.0395944454056,7.171472892782146e-08,62.84015726641302,0.44403526425590806
620.0037389514107,7.659341055997627e-08,62.76793541899659,0.4374355095632142
621.024463921939,9.940894903047005e-08,62.76038313601031,0.4507418607428789
622.017965328923,1.303368108801641e-07,62.66837158901023,0.5722725007337373
623.0150554703449,1.2342678471266522e-07,62.4590466487661,0.7593095757786318
624.028662817519,9.756197144071005e-08,62.142137304770586,0.9847391970348989
625.0541717278697,9.653505195914969e-08,61.56923323905244,1.2440829717041577
626.018888731634,7.821811766758074e-08,61.146533815668796,1.3472086900007427
627.0048210476025,8.791826446121764e-08,60.74004748966658,1.1684008953993725
627.953723435153,9.527307184982237e-08,60.43186687956811,1.0727856702607201
628.9564930161903,9.303157979927955e-08,60.18925117562617,0.8219080984711905
629.9357329946378,8.92567664294462e-08,59.99267564941391,0.5458527545141574
630.9619233289378,8.981311149863043e-08,59.903376781374924,0.3503255031126194
631.9762705198461,1.225010342689159e-07,59.87820202206785,0.30675138314118067
633.0006711161635,7.37861398135043e-08,59.91606892879719,0.33951346843633823
633.9391807822078,1.271220721250922e-07,59.87763425316607,0.331571722073678
634.9455732479609,1.287597157837431e-07,59.7054047112832,0.3704985210155215
635.9265455662803,1.6592403243507141e-07,59.54621456188721,0.4644219857342514
636.8818401176201,1.4299836836516504e-07,59.1460939459599,0.6089885102362146
637.8559631882805,1.742734017377844e-07,58.94719475238861,0.7981410333573575
638.858961365528,1.3934417546674997e-07,58.36523520334395,1.0828563570577712
639.8602968557617,1.3746568299972364e-07,57.74533054901112,1.1642818205695757
640.8861382161446,1.1824290692097637e-07,57.0794341677886,1.1835279834650663
641.84215241786,1.7690810518990372e-07,56.574535954907056,1.0428686566423897
642.8536550313155,1.760232947295479e-07,56.14656427855954,0.7827902432410754
643.8235390559762,1.874660376097472e-07,55.966099582019666,0.3622575072079935
644.783497465648,1.922127622846484e-07,55.96679829015064,0.276753997286936
645.7581346578124,2.3741623308162455e-07,55.97347249349173,0.4026886632624768
646.748864338494,2.474946218079916e-07,56.25867884651468,0.48168909579681324
647.7277502199295,1.8046018458283304e-07,56.342645368637335,0.546269285905111
648.6720909423434,1.944151985202387e-07,56.41992417361795,0.6229015215303649
649.6865080680886,1.715027043708197e-07,56.36961559837251,0.4820518716848848
650.6513385403698,1.4205252479136997e-07,56.151461238413326,0.44893792683007955
651.639579862059,1.520479896602151e-07,55.780301711731795,0.7185412438813208
652.6042188936262,1.8666569507654485e-07,55.21452416006888,0.9506832092772822
653.5803123305146,2.247272024395217e-07,54.69768946913342,1.0832325968334087
654.5607280113176,1.8873715003092866e-07,54.171489847006626,1.2220969119105507
655.5715130403873,1.896623142919166e-07,53.53094311028429,1.1061909017054274
656.573643212288,1.6541744950342322e-07,53.05437453828282,1.0108368581814264
657.5249560376096,1.881569668469787e-07,52.43800389370085,0.7021603060401698
658.4940075003842,1.597543746977122e-07,52.07539119124997,0.4708680651895118
659.4728939301181,1.521124029170518e-07,51.81200795837018,0.19135943096971023
660.4366068163856,1.7511823502864533e-07,51.590918683638506,0.3625856068273398
661.4307837969284,1.617347953757879e-07,51.52222802782916,0.43710385455569245
662.406466121725,1.5857855809495201e-07,51.558437689601355,0.6997133413664108
663.4056489296481,1.2212176518993373e-07,51.64063391708833,0.7246030955474158
664.4234610382116,9.968380505699493e-08,51.72194851330746,0.5703201257062929
665.4560296709762,8.94439278644257e-08,51.68356778147216,0.6937553201811858
666.4449470327764,1.4310574237036608e-07,51.69610850803344,0.7645920982824942
667.4287514398864,9.906535765943233e-08,51.34025496693596,1.0497775681622041
668.4376024581868,1.1271327777758465e-07,50.92457235719284,1.4177256012353285
669.4100721725337,9.930864536367505e-08,50.46328673868842,1.6059908298158259
670.3833306382824,1.0466513948333133e-07,49.80572206795011,1.6228148401948703
671.3812985466819,9.32570431752686e-08,49.22931171566006,1.5799529816706714
672.3648269758257,6.501536720539363e-08,48.75520634802118,1.2791783890276167
673.3461541027212,7.478202744666074e-08,48.3666229446246,0.911248744875428
674.3651088169667,4.48495587396209e-08,48.11395881078969,0.541160067317845
675.3519613848725,4.4283126249964486e-08,47.87569013196772,0.05863224849239686
676.384723260177,2.1252788650416603e-09,47.81552643143448,0.2100353902539271
677.3787104438427,3.580983707441341e-09,48.01014670598665,0.5756315076872635
678.3592088296529,2.7890624313204247e-08,48.177966417772815,0.6848887050979706
679.374490605453,3.277340807395988e-08,48.30079800151653,0.7353553750228822
680.3951740071418,3.908550244452053e-08,48.495782468269205,0.5816093240336637
681.3824609876457,2.4397462489554224e-08,48.33675062403711,0.7074994349607316
682.3874571154906,3.142148360823833e-08,48.362655220102646,0.7445408500673415
683.3992228541393,3.420124065804279e-08,47.97037666311852,0.9202182239396243
684.3854289000967,6.098446195057373e-08,47.53113787710041,1.3110369504713963
685.4022263776845,5.8326624623464467e-08,46.99158749218653,1.546402022242744
686.4195203192646,6.90400300898844e-08,46.37000028138055,1.5702340947506663
687.419710043608,6.782324136607128e-08,45.60662412636817,1.560634396828461
688.4138257600631,7.82032387798381e-08,45.13206775641453,1.284708272365964
689.4580587846654,6.434172057310053e-08,44.665087196177716,1.0482733609937402
690.4624684441807,8.923357865474017e-08,44.39601476435276,0.6693852194160669
691.4990337689177,7.577344489153036e-08,44.19959456681238,0.3221150537922126
692.5100085582183,8.073818133803425e-08,44.230838434327076,0.06882486171470323
693.5518988150045,8.731160777050545e-08,44.29557786507257,0.3145863340161134
694.5926308960402,9.331343926031309e-08,44.35531471961827,0.468791268723827
695.6466762614369,1.0049133672896985e-07,44.380022312978575,0.5412407539776726
696.5894263603883,1.4297336609159658e-07,44.443013832384395,0.46351146547130273
697.6412478824965,1.1622354892689709e-07,44.24287609852609,0.32162322045111424
698.671293956692,1.571860027329385e-07,44.07794426686041,0.2986310837880261
699.7089685077624,1.29235197268273e-07,43.70450769460041,0.4135354068235827
700.7329511848349,1.1627055568575357e-07,43.26328696675291,0.694740703572939
701.7434067465684,1.107676218886784e-07,42.836489769199545,0.9116987997555597
702.7591931485929,1.0500662241808625e-07,42.302009198160086,0.9293469077257016
703.7569306195735,9.309447698215005e-08,41.841699409225356,1.1628829943815937
704.7746258665796,1.238910821017069e-07,41.19296421843996,1.2115305894626969
705.796835748132,1.04152251094161e-07,40.58631194137607,1.0499033613589335
706.7773595910298,1.3767932283591622e-07,40.20180574301371,0.9781583970233673
707.8014480679693,1.231096520423467e-07,39.70850684251577,0.8105942791511994
708.7871591335289,1.1474245616204028e-07,39.271406774543514,0.524316957208795
709.804967120818,1.5249664035284625e-07,38.92065713330008,0.37060706911527286
710.8027937630507,1.416578535811963e-07,38.707430718938454,0.2343555202185828
711.8136387310788,1.6480851508832978e-07,38.555163505102946,0.38061969794431555
712.8280760392189,1.575374601780924e-07,38.52922585430934,0.40797971927222454
713.8770720936482,1.6715388796525516e-07,38.46756010776978,0.5616874909569012
714.8696010091019,1.4451204623615368e-07,38.55075070747839,0.5049494085324515
715.8731341659776,1.342104994883789e-07,38.5348561625801,0.47808897202705475
716.8708174032823,1.3515209064142822e-07,38.55255876358236,0.4975817393710427
717.8966318467671,1.4021788025800166e-07,38.36722234511927,0.5317388381201318
718.8823143525477,1.1718277857902725e-07,38.30703144036677,0.7174891425537658
719.9123646730667,1.1630432669826697e-07,38.011678696153574,0.8929646290957245
720.8433441278822,1.5079928262354726e-07,37.68537902423754,1.0678305714082643
721.8371805878785,1.5196487233890533e-07,37.276864948006754,1.1263264473293788
722.8388902070984,1.5675336499301804e-07,36.83624105011801,1.1409454769167298
723.8369539043229,1.285345907122981e-07,36.34003416098705,1.1222965558941171
724.8065437325868,1.0828911566019813e-07,35.928166516120775,1.0359240988576301
725.8046655056125,1.2823056997591886e-07,35.61079419377359,0.7727623842658881
726.7840685315575,1.1261484858982375e-07,35.22584480023689,0.5029530376900969
727.8015392431461,9.780049763493283e-08,35.06173154961084,0.28734769426387835
728.7792314757413,1.0473940506543169e-07,34.86029113764579,0.08463335356216067
729.7884763932991,9.181641162502864e-08,34.72563002386395,0.0779197299645156
730.7598617616245,1.0460214710998885e-07,34.72527034704904,0.20735243511440415
731.7100899293374,1.1704712416450925e-07,34.70519789428173,0.3548276469221248
732.7390280036959,1.1555841691985101e-07,34.598599721914276,0.31398750262024
733.7096787416623,9.80668373370688e-08,34.66084629708481,0.37214142520972077
734.7308706166205,1.0771106018576269e-07,34.687480635473534,0.45118708991365
735.7038463793785,1.1714395197871761e-07,34.64050572677383,0.5000773642192496
736.7380870908545,1.1503230460230993e-07,34.53787328356512,0.6443753191150741
737.6821688696881,1.6231168346092332e-07,34.334388810558664,0.7602028919229454
738.6952486960168,1.6989331409655262e-07,34.04143841393927,0.8323980122399672
739.6758880831311,1.809615106285208e-07,33.65241028823315,0.8739010411464307
740.6844306114211,1.9417177471437973e-07,33.30416045179168,0.9282980430859882
741.6668331686319,1.9548405640421717e-07,33.03842779767501,0.9034841941118312
742.631050980176,1.6323120325086324e-07,32.758000842796186,0.9054892273918832
743.5995361729994,2.142099795436064e-07,32.44392720168643,0.8106035707120447
744.6004964533566,2.014258864512323e-07,32.33363610358105,0.7417398994733063
745.5852005907886,1.974066073150936e-07,32.146347472911636,0.4805449143580175
746.5491604654063,2.0990997067529765e-07,31.88250235157643,0.3847593276091109
747.524706328678,2.169540550442474e-07,31.7433268317632,0.42992643747034354
748.530202618628,2.1126201053438537e-07,31.551488563754276,0.2395082251511981
749.5061609612269,1.9724785284678126e-07,31.41832278407102,0.19150624722094406
750.5183981681156,1.7553428596630674e-07,31.325991290045636,0.2160412274192726
751.5056461921223,1.907066942178036e-07,31.138773974382346,0.1779017193618994
752.499849043541,1.505320340582133e-07,30.954627266788822,0.2275474964723483
753.4443541931139,1.903820785964507e-07,30.830784043241703,0.24841040142135687
754.4246845933569,1.887267058191917e-07,30.688420605997276,0.26203979535108396
755.3885155170976,2.037858721498705e-07,30.46799691824262,0.3082470395626781
756.3667111066433,1.947194749963321e-07,30.160297242881615,0.4181639949008172
757.3477569982331,1.830540182155179e-07,30.090241989646017,0.43365881944857404
758.3412850649397,1.927429182926209e-07,29.772613701308384,0.4357593879014398
759.295185166868,1.711995703777359e-07,29.49026215293705,0.5021522680409121
760.2715315535835,1.848332345600188e-07,29.208370571774164,0.5468523109690916
761.2644128843772,1.820747390634983e-07,28.95113540794367,0.5930584349265455
762.2645854542353,1.896238594651749e-07,28.646883941454362,0.43019301499619517
763.2461613928482,1.900758574738863e-07,28.58223259069985,0.287131087964041
764.2012637023644,1.6495004457826074e-07,28.27386218059421,0.04196500519843851
765.2079594922042,1.4171975797560248e-07,27.940384294270885,0.08695342559170192
766.2104392805406,1.355529658666821e-07,27.929806979145173,0.18865398259563534
767.2076757425142,1.275362095660464e-07,27.821729857817342,0.04594522169777914
768.2128080152943,1.3611807182275298e-07,27.75533770417282,0.19824663609679014
769.1813868585061,1.100008236926893e-07,27.606413411471877,0.22560147174237824
770.1800490410428,1.1148190085158717e-07,27.69317839010182,0.16494748601491113
771.1866412634703,1.006140824916231e-07,27.455835424257103,0.08934339883223794
772.1912903533943,9.711172085082077e-08,27.45082871349409,0.13040256563873545
773.1927394907628,6.912008869203988e-08,27.201461269067426,0.2651038585035153
774.1954662910516,7.011592459106657e-08,27.157419566302533,0.35152039356351394
775.194439116332,6.986979562570153e-08,26.896447606467024,0.4194921705486302
776.1941675428707,6.387877184284948e-08,26.74532326535771,0.3159510782851569
777.223026625453,3.404240304098192e-08,26.69697954414904,0.6909818563074356
778.1550431557132,8.905116371709275e-08,26.251828036566053,0.5633409250949879
779.165556912903,7.550597864037267e-08,26.03945056525256,0.6439595681488076
780.1617839230241,7.411304788162198e-08,25.8053891229317,0.6390384056008384
781.1723444004622,5.4649668833784594e-08,25.402749217409973,0.5529124730376496
782.1624568117361,6.900772339435648e-08,25.194333557119574,0.6861532086008114
783.1784171529159,5.219733457819807e-08,24.94509943075308,0.49596303022084204
784.166076050654,5.927308372451338e-08,24.598391984522962,0.057260196027335855
785.1913177953664,6.461954450934675e-08,24.626241428489063,0.1599458230365565
786.1920324283108,7.353602723177795e-08,24.366360516272646,0.13491764779500298
787.2123738265021,7.060470316148041e-08,24.486512019981046,0.13100018777533035
788.2490423311646,5.976314240253712e-08,24.261574449792644,0.4632173900301835
789.2774683532914,5.8202960091725974e-08,24.288089408921508,0.21908346020245542
790.2896850196139,6.986667710946619e-08,24.291245085395587,0.39895039787274966
791.3104735486825,7.910967294655078e-08,24.034565314143652,0.32574847522047146
792.3081221752532,9.493072266969081e-08,23.899100371950908,0.15397832217086438
793.3482641956359,1.191181603850177e-07,23.64808369556989,0.06747721226270734
794.3446056165016,1.547067016070713e-07,23.79558146003166,0.17820861413107814
795.3691941856204,1.404665923528942e-07,23.87000887575702,0.08694334828937846
796.3777275214375,1.680430149448574e-07,23.830265331845094,0.2793696200124381
797.4005854581953,1.5584990128515104e-07,23.53017538704702,0.5999916423782221
798.410994006462,1.8216069138321348e-07,23.272436837049796,0.6034885348588783
799.4458341356062,1.991021606975312e-07,23.24892734639923,0.7222732671296176
800.4533510124478,2.1993985750075966e-07,22.859233885820956,0.68771414670272
801.4666306244468,2.1038527777416322e-07,22.705005814487535,1.1828498993395598
802.4684247528781,2.1928394445390802e-07,22.434166884089297,1.0300014680978316
803.51529968178,2.43539781866346e-07,22.100490809096726,1.2804767527799423
804.5427498739033,2.4271347074625744e-07,21.815699853526656,1.0247443527310223
805.5485939130818,2.25982101198358e-07,21.317878618647956,0.7895209087574825
806.5760232189956,2.2494083653753409e-07,21.17399810330134,0.9545903053167999
807.5927267497564,2.44389413257014e-07,20.81107242794756,0.9312468803871575
808.6117940565435,2.581743154854137e-07,20.712717752447066,0.6041308254999639
809.6165135375985,2.574435552488313e-07,20.492173516227925,0.4656635941961226
810.6591661218811,2.562034897683853e-07,20.56292865629864,0.21767643224493677
811.6576320937044,2.6012396149006944e-07,20.45573420545971,0.5032001464941372
812.6690301104159,2.204930042930812e-07,20.67373113747668,0.363951642617936
813.6832463727403,2.400256671094468e-07,21.199288620506696,0.8037660040428273
814.6959376333339,2.5658412600974106e-07,20.83097392622412,0.525471684983921
815.69034659127,2.316045310649045e-07,21.19243077618866,0.22514816459865666
816.7010314062238,2.3091576816130946e-07,21.363582479559437,0.7562867582094893
817.6680409648532,2.2001668410735915e-07,20.832635837783513,0.6682461482680018
818.6843303811755,2.045050440780654e-07,20.99621019381672,0.5534363329427578
819.6532360561766,2.019930420034582e-07,21.002543520467093,0.11281630329422843
820.6983263383296,2.390488438347006e-07,21.001145204377817,0.3164484095918527
821.6622313246149,2.185877185690661e-07,20.913099444341157,0.4374315280367786
822.6923080950518,1.8825361236667986e-07,20.12205251353905,0.5825048602130863
823.6492260213711,1.8214500880572558e-07,20.472294740868332,0.8634157125329003
824.6464204660596,1.625169512518493e-07,20.014907848358494,1.0339962577108048
825.6052224603736,1.7770871516400068e-07,19.898585796706598,0.9363550605191502
826.6064914034639,1.7820253108592788e-07,19.61322144130843,1.1330959757786292
827.5751532023932,1.641136741959148e-07,19.29380157952096,1.1148396601047292
828.600251963269,1.809241312426379e-07,18.856383672422677,1.2281526090716313
829.5774409120959,1.607357661264394e-07,18.480724452868724,1.238998276693993
830.5933420307648,1.61534696487056e-07,17.99042269802166,0.9966795479978864
831.5629353440139,1.9211184857477586e-07,17.886034596073767,1.0516869048533835
832.5714129909401,1.6056375431648654e-07,17.518948216419158,0.8525669745122991
833.5512307968062,1.8192276647891495e-07,17.31738207822529,0.7256214590108053
834.5569268682476,1.8735261077419257e-07,17.097838039167353,0.44977064074377276
835.5141206792402,1.8645231802536877e-07,17.082777116550258,0.2472476916780581
836.5311666571247,1.965309829429288e-07,17.142991877583146,0.13621159456117127
837.5113342234445,2.480406496741212e-07,17.062182497258416,0.20275227950246497
838.4953771745138,2.3405840605920306e-07,17.143945160362364,0.16152911637674805
839.4661662183601,2.7066215894016534e-07,17.116011378805613,0.4087395819918701
840.4930472314005,2.414929258938815e-07,17.09994678979012,0.4472500916814093
841.4532813390168,2.3685192024555078e-07,17.39913018081224,0.5112545877882188
842.4459105159358,2.472223869386546e-07,17.456850204672346,0.5917187886359263
843.4140328813696,2.561904439483463e-07,17.37817836818557,0.6404695436706165
844.4531563590804,2.497630062668153e-07,17.261168438147255,0.648263597089555
845.4056131495266,2.579911553977341e-07,17.603235877284664,0.4582027241514167
846.3779082815583,2.252652186637012e-07,17.705499749610997,0.3141028805734346
847.3337171239162,2.305899005308881e-07,17.69126964548423,0.22049365119638958
848.3109104638633,2.3995450526943484e-07,17.610556414938284,0.15261589941110024
849.2974126248047,2.4462366264573866e-07,17.468876282030976,0.2631126452639699
850.2798359865769,2.390784353724711e-07,17.276304759369612,0.4274938007564022
851.2585703567886,2.787285016934877e-07,17.00706541090443,0.5112796831913808
852.2264038744695,2.411569080253421e-07,16.830038976400605,0.6293236858573187
853.2300719465854,2.3314526599414253e-07,16.53844781263072,0.7290333143755067
854.2069450947463,2.8171017417536334e-07,16.265503514305564,0.8636753347330475
855.1908068462013,2.686881079697087e-07,15.955781416448934,0.8915946206207519
856.1758814303156,2.7216489642398705e-07,15.705082572213911,0.9552816647728791
857.1817483160195,2.6038513295716506e-07,15.406322935037693,0.9801887711025005
858.1663971196772,2.59031489875595e-07,15.066830864301663,1.0049614796369526
859.1407137065164,2.527410182989155e-07,14.82744998078428,0.943473978174652
860.1384197030402,2.3148499151398322e-07,14.509594162083479,0.8688942930861824
861.1316769583042,2.5689851755273574e-07,14.264996905733936,0.7751998726329515
862.1117295274336,2.630426348935261e-07,13.966727751752765,0.6447717360551029
863.0733712329246,2.4386667018486056e-07,13.70093787461825,0.5560552082171323
864.0466473977167,2.468338223841503e-07,13.435493180407748,0.4788966692451534
865.0417833299167,2.2181858665353909e-07,13.228257481954822,0.3571846337350844
866.0241455850504,2.257854443579291e-07,13.02070294042232,0.2589875102231689
867.0123800461239,2.3183610284519034e-07,12.907090337670063,0.18733638222353294
868.0448645249346,1.8423098257038915e-07,12.805333895559,0.10079598314452419
869.0547956034201,2.2160253083197158e-07,12.736951900826762,0.2201009068470436
870.0306280972251,2.1864808081505405e-07,12.749104270228555,0.3049249571070824
871.0097106037003,2.406137233780232e-07,12.812149992102055,0.3857567407856789
871.9885202635717,2.45366205294985e-07,12.896762773868963,0.529832963547601
872.9736456995117,2.6273862100509534e-07,13.03852667106535,0.6361776002547448
873.94983736917,2.4722681263750664e-07,13.161759207963698,0.6362398821278301
874.9555892509738,2.3805634643187625e-07,13.268699382502648,0.6017259770418956
875.9403863946071,2.400715053913497e-07,13.334648939439845,0.49401074042757187
876.9253437430067,2.397089406689062e-07,13.162997454404353,0.3463972063094716
877.9124740939113,2.3891984019075105e-07,13.100556155046945,0.21766026528267512
878.9435548314918,2.387705225327235e-07,13.19718167121659,0.20678751071616694
879.9457560659305,2.222745709411881e-07,13.22476842726347,0.05829804589854426
880.9359803000134,2.273218761106661e-07,13.232769945688299,0.2233937040774511
881.9398353941134,2.3639189728637918e-07,12.911529503722555,0.4079789008975981
882.9583539305412,2.783828529764293e-07,12.85383677451098,0.415152492382226
883.9519893463487,2.8976076841773e-07,12.750666824320021,0.5451605781659712
884.9842211611427,2.591659706942652e-07,12.527950099055852,0.6534534543763928
885.9978110203157,3.517648112146434e-07,12.287750546244654,0.8268342750699089
886.9913197962636,3.135707770183549e-07,11.99825223813346,0.8229821565698298
887.9796716191022,3.433522360654992e-07,11.628272524204865,0.8960617858900319
888.9911874900685,3.244177259515373e-07,11.36248018807837,0.8866326213853254
889.998081100497,2.99308274192802e-07,11.055901395680266,0.9272276342620626
891.057563040675,3.202765657212701e-07,10.808503380526133,0.9333701123323801
892.0481282571922,3.515848766478784e-07,10.507526664407624,0.7797068724699663
893.0973879350662,3.634818436014515e-07,10.32282817490537,0.7466217863940317
894.0976929862036,3.79397732847703e-07,10.044765544784246,0.5969061543747289
895.1450137540121,3.7071187499927625e-07,9.641205850020707,0.6121555029514638
896.1070282229862,4.281041662598986e-07,9.465847293906512,0.44808957132099786
897.1366957017553,4.2659790731109053e-07,9.44528207265886,0.3599648609057109
898.1024796985296,3.757148324493492e-07,9.285408398295688,0.2061786670834827
899.1406751804961,3.9986844776471963e-07,9.262525333892459,0.11207061375130302
900.1545370067042,3.6870254658787314e-07,9.15579844891608,0.04387988074738156
901.201108890881,4.219895992873536e-07,9.157542784854591,0.05090607356799077
902.2284900952548,4.2963306493936283e-07,9.150395752653111,0.20016707453498578
903.2385799237844,4.452617851732347e-07,9.216857777375525,0.25732612906520796
904.2759947260782,4.391048215868304e-07,9.284477259002447,0.4164983559489639
905.2716001151728,4.23450006251401e-07,9.430034458685022,0.43380975648806314
906.2952879744807,4.70422137665424e-07,9.60153371082844,0.5510184909326098
907.3015169709358,3.783860226466338e-07,9.69451516473262,0.4906793290081183
908.321909114553,3.8539987841164724e-07,9.806682717147568,0.5519434749012286
909.3221413236108,3.745485235960455e-07,9.822294287672676,0.42493001289511545
910.3366927617236,3.830381955065876e-07,9.868236883652036,0.35581254402507617
911.3720960677476,3.5033785662437785e-07,9.813556517227259,0.264808265032759
912.3624243996604,3.768047691600517e-07,9.746168711585165,0.2177579446445054
913.3411283105504,3.975776975435346e-07,9.778338796249763,0.20060562750260091
914.3370236923868,3.700854849135021e-07,9.589752366761902,0.2341283731010495
915.3426140826086,3.769421141167519e-07,9.540289932851238,0.29278751265401365
916.3402892580978,3.178780368229856e-07,9.44399705965469,0.41015821650785356
917.3262958094372,3.194809516680205e-07,9.32766523965824,0.4152722294285655
918.3203180231284,3.609182774755916e-07,9.244729296645914,0.4608835387282094
919.3301036420254,2.639118915055551e-07,9.162375021214602,0.5075108025703866
920.2981261744468,3.1279400878223293e-07,9.023848241141197,0.5802755871237334
921.2991711731256,3.704070292343725e-07,8.892750552109561,0.6197181284196089
922.2824452643124,3.398651273114696e-07,8.65870202241564,0.6824294879334445
923.2929294261749,3.429365672121046e-07,8.475202727242964,0.7079503411321676
924.2909395025698,2.949513706198572e-07,8.257565082475208,0.747254655206501
925.3009990951432,2.7722377196335493e-07,8.125729344131939,0.8204216237953492
926.2930942803796,2.617669127257555e-07,7.82309062194107,0.6913487168421278
927.3179128431068,2.6525774694561505e-07,7.633186992434596,0.7010060738019903
928.287717449768,3.030773794963848e-07,7.327554744361618,0.7430832355165267
929.2652935910656,2.960732353575907e-07,7.093729490549353,0.6781352956356138
930.2796073633236,3.1398624766032255e-07,6.853886795392302,0.619004211479821
931.2649260832336,2.3665943136592859e-07,6.701912629068669,0.42141006266798486
932.2481758550272,2.562776757707413e-07,6.539413015804963,0.47690951721381025
933.2486469254156,2.5541558254298656e-07,6.449876620269861,0.22550771159321623
934.2505299650132,2.762027695484497e-07,6.381873828563194,0.24220591493483404
935.263449585478,2.939397784628462e-07,6.367477140303332,0.10410713497183065
936.2533528285788,2.756005895859558e-07,6.271426203060188,0.030057382475635146
937.235867978222,3.338508108678163e-07,6.323491842058252,0.14081234384431568
938.2147629198112,2.82567042484588e-07,6.375568918563599,0.1465660315253265
939.1714332928988,3.010421242490044e-07,6.420688973525226,0.18267878403228197
940.2037617994724,2.4434594768455784e-07,6.4164123831310755,0.2565191131775558
941.1878171751592,2.868265095959007e-07,6.472737966984372,0.29069877531510446
942.17682061072,2.857762343310168e-07,6.534950299911373,0.4266798387895769
943.1693309951272,2.531955257783816e-07,6.4615369133786364,0.4275287536857222
944.1470550585724,2.762271862324165e-07,6.635447564966139,0.29632420125748726
945.0836994004972,2.543652043532564e-07,6.481267428406787,0.16399352533689462
946.0714097275984,2.8285872021808165e-07,6.580193513177327,0.24216136564643295
947.0800170204202,2.801043013951702e-07,6.375759221210715,0.22639914540305917
948.0808431616396,2.6874919237909537e-07,6.429357055832092,0.12097376047730282
949.0752487213568,2.792018576425619e-07,6.464329148248686,0.03180913333385974
950.0666532250854,2.911816991581025e-07,6.3944263319591315,0.173334049992555
951.05687058899,2.1939003229296635e-07,6.293829094852524,0.11057503978497238
952.0169871460294,2.43030824988235e-07,6.238385632817429,0.11240202138368907
952.9770390599562,2.510886776449669e-07,6.209830388345963,0.1336254348820365
953.955270632886,2.9746975001646253e-07,6.14242807359523,0.21332296506368298
954.9550327449113,2.4793629400000724e-07,6.040449472114656,0.24568415966356932
955.9655516315904,2.403364286640462e-07,5.921820875648393,0.2803548379442885
956.9203613423384,2.308745711413709e-07,5.811645605734018,0.3227549852806497
957.885924670276,2.2672615886920158e-07,5.190543671145886,0.5993719208326667
958.8656996156708,2.7003286542276924e-07,5.4377910626064265,0.562044704609059
959.8857653913868,2.4526493401782895e-07,5.2069913753601424,0.8200988327494448
960.8757484669364,2.820370972482582e-07,5.339526741636532,0.4585104801955702
961.845981650972,3.180203968396083e-07,5.105858067677116,0.4820682240168358
962.8279615095922,2.670561542446175e-07,4.6810453130487915,0.3555434607472413
963.8159180348632,2.485212960996193e-07,4.702856657749829,0.46382774427834655
964.82504829943,2.808062956878805e-07,4.582305739393134,0.415994388604969
965.8275520590512,2.728440374123048e-07,4.372572164135192,0.37298664620600586
966.8245732766932,2.47148268471231e-07,4.290234549154126,0.43989974604516124
967.8095421628032,2.3865326172955986e-07,4.131015758221669,0.28249755968096946
968.7589790337923,2.7661583404677e-07,4.017716128726996,0.25093800486515233
969.775745759628,2.938673503231911e-07,3.952859248641829,0.30710380643793334
970.7595117132812,2.90367288384125e-07,3.812350191417087,0.2299791629942489
971.7995614490754,2.657004408392474e-07,3.7796769877210714,0.20184002824286798
972.7926777029847,3.110493308890149e-07,3.6199597362893847,0.11989358112748791
973.7930196663826,2.4452732159152684e-07,3.559895159204629,0.06052719258563075
974.7635264328858,2.744591406812628e-07,3.56872972546514,0.03648569594013512
975.7579959447816,3.211592656368344e-07,3.5360229805091787,0.010193184910390682
976.759500503014,3.6543492774018804e-07,3.4991047256602688,0.03397383666656085
977.7701457563454,3.142860387765995e-07,3.486215397587826,0.07356986493518486
978.757214813778,3.129869926029368e-07,3.5023341911106427,0.08656328999692064
979.8068943033768,3.0943698554630604e-07,3.528614776219199,0.13976369376677492
980.8110814713708,3.412418458825724e-07,3.521790636061469,0.1566594913617325
981.7963382615574,4.1576607357142523e-07,3.5497479712926,0.15464828078295342
982.8233833448896,4.349352457896158e-07,3.542932706542191,0.1522833450188687
983.8401019117003,4.226667578878748e-07,3.5088694941718725,0.14025496337976281
984.8343512895572,4.4985425448306077e-07,3.5130717743859328,0.11772757249774574
985.83756684859,5.154324188768614e-07,3.4440639471895707,0.1415309876156284
986.8627119402194,5.142905786838841e-07,3.4383374203006234,0.12575882060941254
987.8757000713548,5.213543393083703e-07,3.430996298345977,0.13790410608687048
988.8593734188958,5.211425324322728e-07,3.3851309787917425,0.1046523984084537
989.8692777403242,5.323087076689721e-07,3.360688571834409,0.11197234644504049
990.9048162328208,5.955034654514162e-07,3.348926853432829,0.0895742460488488
991.9098912614418,6.500351926804145e-07,3.3057206870909326,0.08817110506330532
992.9390042280636,5.943034283028149e-07,3.292504204874026,0.10443225490553482
993.957217719914,5.264671322037966e-07,3.2499654950995835,0.09629894795658281
994.9565086043727,5.891391124424374e-07,3.1903054471851937,0.10335759165531647
995.975036395297,6.503875576017554e-07,3.151038250409966,0.1178982210145121
996.9860285826668,6.455594942090109e-07,3.1124940954975457,0.1250886084920933
998.0142753503036,6.31142230081971e-07,3.0760502155413803,0.15514464101481917
999.0217059567397,5.94506737175432e-07,2.9846850403374816,0.16236986752744936
1000.039733182393,6.160083715677431e-07,2.960492091233185,0.1794049144935193
1001.055120401656,6.500297602789694e-07,2.869703854490927,0.17772165688026625
1002.0811299891428,6.351002700409527e-07,2.804867471589987,0.17544794371158157
1003.076612258291,5.992345487669048e-07,2.715664050571997,0.19054405948363695
1004.103824850525,6.038940594836099e-07,2.686625893074131,0.19369122479419135
1005.0765198141568,6.264706143569911e-07,2.6164154363145147,0.212974805395834
1006.077984022122,6.358416226144392e-07,2.525752802453198,0.22305729264707924
1007.0655831312704,5.864826789173659e-07,2.4409659341702232,0.21013874590423073
1008.1196819382114,5.481025343766732e-07,2.3311153702334533,0.2268711838798521
1009.066693742986,5.519772009647871e-07,2.243099745003688,0.23600330620511945
1010.075103892822,5.974165688655748e-07,2.1226219685509173,0.2396608919628944
1011.0680938528496,4.788167093805174e-07,2.055782249753299,0.24360113447033988
1012.088587830459,5.052398982132657e-07,1.969204559513188,0.23028458086751402
1013.0652963676324,4.747687295008214e-07,1.9308190951870359,0.21487104556869457
1014.0440116919334,5.149640976781864e-07,1.8151162827802763,0.16655799466304302
1015.0456911360244,5.118375828627148e-07,1.7608462661300963,0.13890460178484068
1016.0472362260376,4.736077734661597e-07,1.6997761648978982,0.10285996055011551
1017.0262089314856,4.517546562906848e-07,1.6309566298746312,0.07826783184473521
1018.0368890320538,4.795083086167864e-07,1.5779052513771978,0.04635322418141435
1019.067387096315,4.6329787377041706e-07,1.5687789465559625,0.013513914853864868
1020.0131850153772,4.4571103419833115e-07,1.5387221361957704,0.0434143046811659
1021.0106029494096,4.207052905741644e-07,1.5291743714321397,0.06819479558913344
1022.0078819429384,4.792701542779667e-07,1.5324466255075144,0.08121687237442332
1023.0224806545448,3.904563627130746e-07,1.5054422286536537,0.058099698320958404
1024.0151497800434,3.998226969512077e-07,1.5048746008620775,0.0714091471947212
1024.9855116413205,4.624428803389033e-07,1.4590755931540633,0.08540382991065883
1026.025269565309,4.26447684261585e-07,1.4433797042934786,0.0789384296745191
1027.0078734876795,4.019077682206145e-07,1.4424678861832907,0.08592670377282993
1027.992488570494,3.740271499767504e-07,1.448737966579529,0.08284367920069129
1028.9817409764285,3.889816313661283e-07,1.4141958696253845,0.06375498994446353
1030.0019909906373,4.094336746919613e-07,1.4229791239812384,0.07856565897437037
1030.9599001907904,3.804498646943936e-07,1.3969758886900792,0.08694828692376047
1031.93059527728,4.096019826019346e-07,1.3821054439056206,0.02536130094196629
1032.9422373858392,3.549438365025013e-07,1.377635298598616,0.05839188467601198
1033.9526671905594,3.678385969950231e-07,1.3372343688095223,0.06965554715032053
1034.9306023990189,3.6560097454247513e-07,1.347725395839026,0.04640114071262256
1035.905809749548,3.686276718515398e-07,1.3367636204123017,0.05231559337711753
1036.9320323646812,3.425973203260056e-07,1.3103748777633097,0.056231997583791146
1037.9265307611772,3.405741730439618e-07,1.2663147791496188,0.08017831871280051
1038.8740403015968,3.185884893570424e-07,1.2394605884448116,0.06165265704836951
1039.8733124334008,3.470306660961141e-07,1.2145414977388296,0.03691707151790948
1040.8624147412188,3.416589998335931e-07,1.206260178274012,0.06444180770649235
1041.8569447715174,2.790021760354979e-07,1.1631383764266932,0.10605333498537121
1042.8661911536335,2.707893798887944e-07,1.1478792959221016,0.0705902642626758
1043.8258864183772,2.903066252626345e-07,1.1005246526698744,0.09173240808781671
1044.804567837136,3.051653851554206e-07,1.0714407238981967,0.10005842956795358
1045.776740084709,2.965905372096055e-07,1.0375219825110829,0.07216972807821459
1046.8009458163167,2.597141544626334e-07,0.9840418874038538,0.10533149638671098
1047.747811984212,2.778485952186958e-07,0.9246928382531333,0.09983217489005693
1048.734757899899,2.7201136835820774e-07,0.8637992872506018,0.13456714709458353
1049.7210412162574,2.652315163061252e-07,0.8318395942482378,0.11702731418969159
1050.7640911782885,2.491704661301533e-07,0.7264779980802931,0.10135392820592808
1051.7017701337695,3.03604959792275e-07,0.7229620918566525,0.1002299445606386
1052.6913713648655,2.775418827576767e-07,0.7086337635154242,0.10363691076066747
1053.7104935221805,2.6329664725363337e-07,0.6554279485196969,0.08005712178744342
1054.727695357892,2.6784194716510855e-07,0.6372201199216158,0.08091277261275755
1055.6644432525895,2.942553609839664e-07,0.604716711263911,0.06741514515906408
1056.671804380337,3.341609648760221e-07,0.5703703786434385,0.04307380927922422
1057.679359359644,2.6218263457936345e-07,0.5476195055187186,0.06700498910212398
1058.65947633695,2.568399859487917e-07,0.5292669982302841,0.043727371083761735
1059.6475255670812,2.803951862373455e-07,0.5011421354004876,0.05789305888564617
1060.633359666863,3.031625424756004e-07,0.4921378033906234,0.04722913937343113
1061.6237591789709,2.8683635806396133e-07,0.46771032551545993,0.03429764391189304
1062.630858341434,2.87117016441532e-07,0.45794727919538075,0.020062527816667647
1063.5974169958188,3.424766188919887e-07,0.43804523305937776,0.04085945453851362
1064.6253123053511,2.9093611672082284e-07,0.4477202894970813,0.011218860344132301
1065.605090871879,3.145822481734289e-07,0.4281158914306716,0.013481745556542349
1066.634143709509,3.250748535801767e-07,0.4164099774544785,0.006003097260788461
1067.613998935035,4.309412382849515e-07,0.40691958544590684,0.010297122026800842
1068.643356794447,3.507760730255416e-07,0.3864840200224662,0.031441319251111245
1069.677948248979,3.456563391207408e-07,0.35737087895069,0.04804226142590396
1070.6228713620844,4.24172136803622e-07,0.38725572773027167,0.01601322051599623
1071.635223157255,4.418039606372166e-07,0.3827513811908867,0.010083826364970924
1072.655880889767,5.00578237528909e-07,0.3802506298222224,0.006163957347810467
1073.663411758392,4.749605290038896e-07,0.3772914919105595,0.014922006243104878
1074.6238419993583,5.39322384584946e-07,0.3582984876848889,0.012916612320227424
1075.6686639254824,5.718845679506919e-07,0.3616020614974798,0.0151187105933083
1076.6895926403786,5.46320941742497e-07,0.35018982658723924,0.01743526531799181
1077.632894533948,5.525159886112042e-07,0.34364809612288805,0.028833869032365483
1078.6964128873249,5.440508456708208e-07,0.34577037531149574,0.024909908486560915
1079.6814922010296,6.050819793907569e-07,0.3425119089309468,0.018474940848729377
1080.677697686567,5.299020009984227e-07,0.3520805369110742,0.026249653979194616
1081.693500039043,6.33696289793647e-07,0.344591307132797,0.024703673004639253
1082.7050749709604,5.737537492030233e-07,0.34518358513034303,0.017001443514385803
1083.6993915830406,6.086221281188406e-07,0.3383288095339087,0.021569923811857173
1084.7243043898015,6.655671423490602e-07,0.3347636714265394,0.014593782445728804
1085.7447609241565,6.327683235144625e-07,0.32983727831341825,0.015910201719142612
1086.7363055861802,6.105699582763947e-07,0.3293979809733685,0.012928996985276496
1087.745478064027,6.272825648959363e-07,0.32800438984208863,0.01791881489563909
1088.7397873429395,7.310083608489861e-07,0.3200355519097491,0.0027256385008402914
1089.7558741907485,6.412832784440819e-07,0.3170015569361652,0.01367650227208933
1090.7488240595842,6.40012595282425e-07,0.303096814459751,0.010106029346178155
1091.7669413044298,6.449084929442784e-07,0.29491093297666177,0.007978636609658588
1092.766391153497,6.369635911213879e-07,0.28834814590274943,0.007668543208442325
1093.7540185531702,6.85786702658196e-07,0.27608735110646665,0.009816375848443314
1094.7484663969396,6.181028137714997e-07,0.2736387430190728,0.016333992391473748
1095.7703956258358,6.234501241133829e-07,0.25097727726439156,0.014283191692783625
1096.7898725287132,6.057447069559704e-07,0.24673099378321425,0.01607730423408001
